/*
SQLyog ä¼ä¸šç‰ˆ - MySQL GUI v8.14 
MySQL - 8.0.17 : Database - equipment
*********************************************************************
*/

/*!40101 SET NAMES utf8 */;

/*!40101 SET SQL_MODE=''*/;

/*!40014 SET @OLD_UNIQUE_CHECKS=@@UNIQUE_CHECKS, UNIQUE_CHECKS=0 */;
/*!40014 SET @OLD_FOREIGN_KEY_CHECKS=@@FOREIGN_KEY_CHECKS, FOREIGN_KEY_CHECKS=0 */;
/*!40101 SET @OLD_SQL_MODE=@@SQL_MODE, SQL_MODE='NO_AUTO_VALUE_ON_ZERO' */;
/*!40111 SET @OLD_SQL_NOTES=@@SQL_NOTES, SQL_NOTES=0 */;
CREATE DATABASE /*!32312 IF NOT EXISTS*/`equipment` /*!40100 DEFAULT CHARACTER SET utf8 */ /*!80016 DEFAULT ENCRYPTION='N' */;

USE `equipment`;

/*Table structure for table `borrow` */

DROP TABLE IF EXISTS `borrow`;

CREATE TABLE `borrow` (
  `id` bigint(20) NOT NULL COMMENT 'å€Ÿç”¨id',
  `user_id` bigint(20) DEFAULT NULL COMMENT 'ç”¨æˆ·id',
  `user_name` varchar(20) DEFAULT NULL COMMENT 'ç”¨æˆ·å§“å',
  `equipment_id` bigint(20) DEFAULT NULL COMMENT 'è®¾å¤‡id',
  `equipment_name` varchar(50) DEFAULT NULL COMMENT 'è®¾å¤‡åç§°',
  `created_at` datetime DEFAULT NULL COMMENT 'å€Ÿç”¨æ—¥æœŸ',
  `return_at` datetime DEFAULT NULL COMMENT 'å½’è¿˜æ—¥æœŸ',
  `examine_at` datetime DEFAULT NULL COMMENT 'å®¡æ‰¹æ—¶é—´',
  `sys_user_id` bigint(20) DEFAULT NULL COMMENT 'å®¡æ‰¹äººid',
  `sys_user_name` varchar(20) DEFAULT NULL COMMENT 'å®¡æ‰¹äºº',
  `flag` int(1) DEFAULT NULL COMMENT 'å€Ÿç”¨çŠ¶æ€',
  PRIMARY KEY (`id`)
) ENGINE=InnoDB DEFAULT CHARSET=utf8;

/*Data for the table `borrow` */

/*Table structure for table `equipment` */

DROP TABLE IF EXISTS `equipment`;

CREATE TABLE `equipment` (
  `id` bigint(20) NOT NULL AUTO_INCREMENT COMMENT 'è®¾å¤‡id',
  `name` varchar(30) DEFAULT NULL COMMENT 'è®¾å¤‡åç§°',
  `type_id` bigint(20) DEFAULT NULL COMMENT 'è®¾å¤‡ç±»å‹id',
  `model_num` varchar(30) DEFAULT NULL COMMENT 'è®¾å¤‡å‹å·',
  `quantity` int(10) DEFAULT NULL COMMENT 'è®¾å¤‡æ•°é‡',
  `flag` int(1) DEFAULT NULL COMMENT 'è®¾å¤‡çŠ¶æ€ï¼š0æ­£å¸¸ï¼›1æŠ¥é”€',
  `created_at` datetime DEFAULT NULL,
  `created_by` varchar(20) DEFAULT NULL,
  `updated_at` datetime DEFAULT NULL,
  `updated_by` varchar(20) DEFAULT NULL,
  PRIMARY KEY (`id`)
) ENGINE=InnoDB AUTO_INCREMENT=3 DEFAULT CHARSET=utf8 CHECKSUM=1 DELAY_KEY_WRITE=1 ROW_FORMAT=DYNAMIC COMMENT='è®¾å¤‡ç®¡ç†';

/*Data for the table `equipment` */

insert  into `equipment`(`id`,`name`,`type_id`,`model_num`,`quantity`,`flag`,`created_at`,`created_by`,`updated_at`,`updated_by`) values (2,'11111',4,'34234',1231212,0,'2021-02-15 22:14:26','è¶…çº§ç®¡ç†å‘˜','2021-02-15 22:14:26','è¶…çº§ç®¡ç†å‘˜');

/*Table structure for table `equipment_type` */

DROP TABLE IF EXISTS `equipment_type`;

CREATE TABLE `equipment_type` (
  `id` bigint(20) NOT NULL AUTO_INCREMENT COMMENT 'è®¾å¤‡ç±»å‹id',
  `type_name` varchar(50) DEFAULT NULL COMMENT 'è®¾å¤‡ç±»å‹åç§°',
  `deleted` int(1) DEFAULT NULL COMMENT '0æ­£å¸¸ï¼›1åˆ é™¤',
  `created_at` datetime DEFAULT NULL,
  `created_by` varchar(20) DEFAULT NULL,
  `updated_at` datetime DEFAULT NULL,
  `updated_by` varchar(20) DEFAULT NULL,
  PRIMARY KEY (`id`)
) ENGINE=InnoDB AUTO_INCREMENT=5 DEFAULT CHARSET=utf8 CHECKSUM=1 DELAY_KEY_WRITE=1 ROW_FORMAT=DYNAMIC COMMENT='ç±»å‹ç®¡ç†';

/*Data for the table `equipment_type` */

insert  into `equipment_type`(`id`,`type_name`,`deleted`,`created_at`,`created_by`,`updated_at`,`updated_by`) values (3,'ç±»å‹1å·',NULL,'2021-02-15 21:51:46','è¶…çº§ç®¡ç†å‘˜','2021-02-15 21:51:46','è¶…çº§ç®¡ç†å‘˜'),(4,'ç±»å‹2å·',NULL,'2021-02-15 21:51:54','è¶…çº§ç®¡ç†å‘˜','2021-02-15 21:51:54','è¶…çº§ç®¡ç†å‘˜');

/*Table structure for table `gen_table` */

DROP TABLE IF EXISTS `gen_table`;

CREATE TABLE `gen_table` (
  `table_id` bigint(20) NOT NULL AUTO_INCREMENT COMMENT 'ç¼–å·',
  `table_name` varchar(200) DEFAULT '' COMMENT 'è¡¨åç§°',
  `table_comment` varchar(500) DEFAULT '' COMMENT 'è¡¨æè¿°',
  `sub_table_name` varchar(64) DEFAULT NULL COMMENT 'å…³è”å­è¡¨çš„è¡¨å',
  `sub_table_fk_name` varchar(64) DEFAULT NULL COMMENT 'å­è¡¨å…³è”çš„å¤–é”®å',
  `class_name` varchar(100) DEFAULT '' COMMENT 'å®ä½“ç±»åç§°',
  `tpl_category` varchar(200) DEFAULT 'crud' COMMENT 'ä½¿ç”¨çš„æ¨¡æ¿ï¼ˆcrudå•è¡¨æ“ä½œ treeæ ‘è¡¨æ“ä½œ subä¸»å­è¡¨æ“ä½œï¼‰',
  `package_name` varchar(100) DEFAULT NULL COMMENT 'ç”ŸæˆåŒ…è·¯å¾„',
  `module_name` varchar(30) DEFAULT NULL COMMENT 'ç”Ÿæˆæ¨¡å—å',
  `business_name` varchar(30) DEFAULT NULL COMMENT 'ç”Ÿæˆä¸šåŠ¡å',
  `function_name` varchar(50) DEFAULT NULL COMMENT 'ç”ŸæˆåŠŸèƒ½å',
  `function_author` varchar(50) DEFAULT NULL COMMENT 'ç”ŸæˆåŠŸèƒ½ä½œè€…',
  `gen_type` char(1) DEFAULT '0' COMMENT 'ç”Ÿæˆä»£ç æ–¹å¼ï¼ˆ0zipå‹ç¼©åŒ… 1è‡ªå®šä¹‰è·¯å¾„ï¼‰',
  `gen_path` varchar(200) DEFAULT '/' COMMENT 'ç”Ÿæˆè·¯å¾„ï¼ˆä¸å¡«é»˜è®¤é¡¹ç›®è·¯å¾„ï¼‰',
  `options` varchar(1000) DEFAULT NULL COMMENT 'å…¶å®ƒç”Ÿæˆé€‰é¡¹',
  `create_by` varchar(64) DEFAULT '' COMMENT 'åˆ›å»ºè€…',
  `create_time` datetime DEFAULT NULL COMMENT 'åˆ›å»ºæ—¶é—´',
  `update_by` varchar(64) DEFAULT '' COMMENT 'æ›´æ–°è€…',
  `update_time` datetime DEFAULT NULL COMMENT 'æ›´æ–°æ—¶é—´',
  `remark` varchar(500) DEFAULT NULL COMMENT 'å¤‡æ³¨',
  PRIMARY KEY (`table_id`)
) ENGINE=InnoDB AUTO_INCREMENT=3 DEFAULT CHARSET=utf8 COMMENT='ä»£ç ç”Ÿæˆä¸šåŠ¡è¡¨';

/*Data for the table `gen_table` */

insert  into `gen_table`(`table_id`,`table_name`,`table_comment`,`sub_table_name`,`sub_table_fk_name`,`class_name`,`tpl_category`,`package_name`,`module_name`,`business_name`,`function_name`,`function_author`,`gen_type`,`gen_path`,`options`,`create_by`,`create_time`,`update_by`,`update_time`,`remark`) values (1,'equipment','è®¾å¤‡ç®¡ç†',NULL,NULL,'Equipment','crud','com.equipment.system','system','equipment','è®¾å¤‡ç®¡ç†','equipment','0','/',NULL,'admin','2021-01-05 02:55:32','',NULL,NULL),(2,'equipment_type','ç±»å‹ç®¡ç†',NULL,NULL,'EquipmentType','crud','com.equipment.system','system','type','ç±»å‹ç®¡ç†','equipment','0','/',NULL,'admin','2021-01-05 02:55:32','',NULL,NULL);

/*Table structure for table `gen_table_column` */

DROP TABLE IF EXISTS `gen_table_column`;

CREATE TABLE `gen_table_column` (
  `column_id` bigint(20) NOT NULL AUTO_INCREMENT COMMENT 'ç¼–å·',
  `table_id` varchar(64) DEFAULT NULL COMMENT 'å½’å±è¡¨ç¼–å·',
  `column_name` varchar(200) DEFAULT NULL COMMENT 'åˆ—åç§°',
  `column_comment` varchar(500) DEFAULT NULL COMMENT 'åˆ—æè¿°',
  `column_type` varchar(100) DEFAULT NULL COMMENT 'åˆ—ç±»å‹',
  `java_type` varchar(500) DEFAULT NULL COMMENT 'JAVAç±»å‹',
  `java_field` varchar(200) DEFAULT NULL COMMENT 'JAVAå­—æ®µå',
  `is_pk` char(1) DEFAULT NULL COMMENT 'æ˜¯å¦ä¸»é”®ï¼ˆ1æ˜¯ï¼‰',
  `is_increment` char(1) DEFAULT NULL COMMENT 'æ˜¯å¦è‡ªå¢ï¼ˆ1æ˜¯ï¼‰',
  `is_required` char(1) DEFAULT NULL COMMENT 'æ˜¯å¦å¿…å¡«ï¼ˆ1æ˜¯ï¼‰',
  `is_insert` char(1) DEFAULT NULL COMMENT 'æ˜¯å¦ä¸ºæ’å…¥å­—æ®µï¼ˆ1æ˜¯ï¼‰',
  `is_edit` char(1) DEFAULT NULL COMMENT 'æ˜¯å¦ç¼–è¾‘å­—æ®µï¼ˆ1æ˜¯ï¼‰',
  `is_list` char(1) DEFAULT NULL COMMENT 'æ˜¯å¦åˆ—è¡¨å­—æ®µï¼ˆ1æ˜¯ï¼‰',
  `is_query` char(1) DEFAULT NULL COMMENT 'æ˜¯å¦æŸ¥è¯¢å­—æ®µï¼ˆ1æ˜¯ï¼‰',
  `query_type` varchar(200) DEFAULT 'EQ' COMMENT 'æŸ¥è¯¢æ–¹å¼ï¼ˆç­‰äºã€ä¸ç­‰äºã€å¤§äºã€å°äºã€èŒƒå›´ï¼‰',
  `html_type` varchar(200) DEFAULT NULL COMMENT 'æ˜¾ç¤ºç±»å‹ï¼ˆæ–‡æœ¬æ¡†ã€æ–‡æœ¬åŸŸã€ä¸‹æ‹‰æ¡†ã€å¤é€‰æ¡†ã€å•é€‰æ¡†ã€æ—¥æœŸæ§ä»¶ï¼‰',
  `dict_type` varchar(200) DEFAULT '' COMMENT 'å­—å…¸ç±»å‹',
  `sort` int(11) DEFAULT NULL COMMENT 'æ’åº',
  `create_by` varchar(64) DEFAULT '' COMMENT 'åˆ›å»ºè€…',
  `create_time` datetime DEFAULT NULL COMMENT 'åˆ›å»ºæ—¶é—´',
  `update_by` varchar(64) DEFAULT '' COMMENT 'æ›´æ–°è€…',
  `update_time` datetime DEFAULT NULL COMMENT 'æ›´æ–°æ—¶é—´',
  PRIMARY KEY (`column_id`)
) ENGINE=InnoDB AUTO_INCREMENT=17 DEFAULT CHARSET=utf8 COMMENT='ä»£ç ç”Ÿæˆä¸šåŠ¡è¡¨å­—æ®µ';

/*Data for the table `gen_table_column` */

insert  into `gen_table_column`(`column_id`,`table_id`,`column_name`,`column_comment`,`column_type`,`java_type`,`java_field`,`is_pk`,`is_increment`,`is_required`,`is_insert`,`is_edit`,`is_list`,`is_query`,`query_type`,`html_type`,`dict_type`,`sort`,`create_by`,`create_time`,`update_by`,`update_time`) values (1,'1','id','è®¾å¤‡id','bigint(20)','Long','id','1','1',NULL,'1',NULL,NULL,NULL,'EQ','input','',1,'admin','2021-01-05 02:55:32','',NULL),(2,'1','type_id','è®¾å¤‡ç±»å‹id','bigint(20)','Long','typeId','0','0',NULL,'1','1','1','1','EQ','input','',2,'admin','2021-01-05 02:55:32','',NULL),(3,'1','model_num','è®¾å¤‡å‹å·','varchar(30)','String','modelNum','0','0',NULL,'1','1','1','1','EQ','input','',3,'admin','2021-01-05 02:55:32','',NULL),(4,'1','quantity','è®¾å¤‡æ•°é‡','int(10)','Integer','quantity','0','0',NULL,'1','1','1','1','EQ','input','',4,'admin','2021-01-05 02:55:32','',NULL),(5,'1','flag','è®¾å¤‡çŠ¶æ€ï¼š0æ­£å¸¸ï¼›1æŠ¥é”€','int(1)','Integer','flag','0','0',NULL,'1','1','1','1','EQ','input','',5,'admin','2021-01-05 02:55:32','',NULL),(6,'1','created_at',NULL,'datetime','Date','createdAt','0','0',NULL,'1','1','1','1','EQ','datetime','',6,'admin','2021-01-05 02:55:32','',NULL),(7,'1','created_by',NULL,'varchar(20)','String','createdBy','0','0',NULL,'1','1','1','1','EQ','input','',7,'admin','2021-01-05 02:55:32','',NULL),(8,'1','updated_at',NULL,'datetime','Date','updatedAt','0','0',NULL,'1','1','1','1','EQ','datetime','',8,'admin','2021-01-05 02:55:32','',NULL),(9,'1','updated_by',NULL,'varchar(20)','String','updatedBy','0','0',NULL,'1','1','1','1','EQ','input','',9,'admin','2021-01-05 02:55:32','',NULL),(10,'2','id','è®¾å¤‡ç±»å‹id','bigint(20)','Long','id','1','1',NULL,'1',NULL,NULL,NULL,'EQ','input','',1,'admin','2021-01-05 02:55:32','',NULL),(11,'2','type_name','è®¾å¤‡ç±»å‹åç§°','varchar(50)','String','typeName','0','0',NULL,'1','1','1','1','LIKE','input','',2,'admin','2021-01-05 02:55:32','',NULL),(12,'2','deleted','0æ­£å¸¸ï¼›1åˆ é™¤','int(1)','Integer','deleted','0','0',NULL,'1','1','1','1','EQ','input','',3,'admin','2021-01-05 02:55:32','',NULL),(13,'2','created_at',NULL,'datetime','Date','createdAt','0','0',NULL,'1','1','1','1','EQ','datetime','',4,'admin','2021-01-05 02:55:32','',NULL),(14,'2','created_by',NULL,'varchar(20)','String','createdBy','0','0',NULL,'1','1','1','1','EQ','input','',5,'admin','2021-01-05 02:55:32','',NULL),(15,'2','updated_at',NULL,'datetime','Date','updatedAt','0','0',NULL,'1','1','1','1','EQ','datetime','',6,'admin','2021-01-05 02:55:32','',NULL),(16,'2','updated_by',NULL,'varchar(20)','String','updatedBy','0','0',NULL,'1','1','1','1','EQ','input','',7,'admin','2021-01-05 02:55:32','',NULL);

/*Table structure for table `qrtz_blob_triggers` */

DROP TABLE IF EXISTS `qrtz_blob_triggers`;

CREATE TABLE `qrtz_blob_triggers` (
  `sched_name` varchar(120) NOT NULL,
  `trigger_name` varchar(200) NOT NULL,
  `trigger_group` varchar(200) NOT NULL,
  `blob_data` blob,
  PRIMARY KEY (`sched_name`,`trigger_name`,`trigger_group`),
  CONSTRAINT `qrtz_blob_triggers_ibfk_1` FOREIGN KEY (`sched_name`, `trigger_name`, `trigger_group`) REFERENCES `qrtz_triggers` (`sched_name`, `trigger_name`, `trigger_group`)
) ENGINE=InnoDB DEFAULT CHARSET=utf8;

/*Data for the table `qrtz_blob_triggers` */

/*Table structure for table `qrtz_calendars` */

DROP TABLE IF EXISTS `qrtz_calendars`;

CREATE TABLE `qrtz_calendars` (
  `sched_name` varchar(120) NOT NULL,
  `calendar_name` varchar(200) NOT NULL,
  `calendar` blob NOT NULL,
  PRIMARY KEY (`sched_name`,`calendar_name`)
) ENGINE=InnoDB DEFAULT CHARSET=utf8;

/*Data for the table `qrtz_calendars` */

/*Table structure for table `qrtz_cron_triggers` */

DROP TABLE IF EXISTS `qrtz_cron_triggers`;

CREATE TABLE `qrtz_cron_triggers` (
  `sched_name` varchar(120) NOT NULL,
  `trigger_name` varchar(200) NOT NULL,
  `trigger_group` varchar(200) NOT NULL,
  `cron_expression` varchar(200) NOT NULL,
  `time_zone_id` varchar(80) DEFAULT NULL,
  PRIMARY KEY (`sched_name`,`trigger_name`,`trigger_group`),
  CONSTRAINT `qrtz_cron_triggers_ibfk_1` FOREIGN KEY (`sched_name`, `trigger_name`, `trigger_group`) REFERENCES `qrtz_triggers` (`sched_name`, `trigger_name`, `trigger_group`)
) ENGINE=InnoDB DEFAULT CHARSET=utf8;

/*Data for the table `qrtz_cron_triggers` */

insert  into `qrtz_cron_triggers`(`sched_name`,`trigger_name`,`trigger_group`,`cron_expression`,`time_zone_id`) values ('EquipmentScheduler','TASK_CLASS_NAME1','DEFAULT','0/10 * * * * ?','Asia/Shanghai'),('EquipmentScheduler','TASK_CLASS_NAME2','DEFAULT','0/15 * * * * ?','Asia/Shanghai'),('EquipmentScheduler','TASK_CLASS_NAME3','DEFAULT','0/20 * * * * ?','Asia/Shanghai');

/*Table structure for table `qrtz_fired_triggers` */

DROP TABLE IF EXISTS `qrtz_fired_triggers`;

CREATE TABLE `qrtz_fired_triggers` (
  `sched_name` varchar(120) NOT NULL,
  `entry_id` varchar(95) NOT NULL,
  `trigger_name` varchar(200) NOT NULL,
  `trigger_group` varchar(200) NOT NULL,
  `instance_name` varchar(200) NOT NULL,
  `fired_time` bigint(13) NOT NULL,
  `sched_time` bigint(13) NOT NULL,
  `priority` int(11) NOT NULL,
  `state` varchar(16) NOT NULL,
  `job_name` varchar(200) DEFAULT NULL,
  `job_group` varchar(200) DEFAULT NULL,
  `is_nonconcurrent` varchar(1) DEFAULT NULL,
  `requests_recovery` varchar(1) DEFAULT NULL,
  PRIMARY KEY (`sched_name`,`entry_id`)
) ENGINE=InnoDB DEFAULT CHARSET=utf8;

/*Data for the table `qrtz_fired_triggers` */

/*Table structure for table `qrtz_job_details` */

DROP TABLE IF EXISTS `qrtz_job_details`;

CREATE TABLE `qrtz_job_details` (
  `sched_name` varchar(120) NOT NULL,
  `job_name` varchar(200) NOT NULL,
  `job_group` varchar(200) NOT NULL,
  `description` varchar(250) DEFAULT NULL,
  `job_class_name` varchar(250) NOT NULL,
  `is_durable` varchar(1) NOT NULL,
  `is_nonconcurrent` varchar(1) NOT NULL,
  `is_update_data` varchar(1) NOT NULL,
  `requests_recovery` varchar(1) NOT NULL,
  `job_data` blob,
  PRIMARY KEY (`sched_name`,`job_name`,`job_group`)
) ENGINE=InnoDB DEFAULT CHARSET=utf8;

/*Data for the table `qrtz_job_details` */

insert  into `qrtz_job_details`(`sched_name`,`job_name`,`job_group`,`description`,`job_class_name`,`is_durable`,`is_nonconcurrent`,`is_update_data`,`requests_recovery`,`job_data`) values ('EquipmentScheduler','TASK_CLASS_NAME1','DEFAULT',NULL,'com.equipment.quartz.util.QuartzDisallowConcurrentExecution','0','1','0','0','¬í\0sr\0org.quartz.JobDataMapŸ°ƒè¿©°Ë\0\0xr\0&org.quartz.utils.StringKeyDirtyFlagMap‚èÃûÅ](\0Z\0allowsTransientDataxr\0org.quartz.utils.DirtyFlagMapæ.­(v\nÎ\0Z\0dirtyL\0mapt\0Ljava/util/Map;xpsr\0java.util.HashMapÚÁÃ`Ñ\0F\0\nloadFactorI\0	thresholdxp?@\0\0\0\0\0w\0\0\0\0\0\0t\0TASK_PROPERTIESsr\0\"com.equipment.quartz.domain.SysJob\0\0\0\0\0\0\0\0L\0\nconcurrentt\0Ljava/lang/String;L\0cronExpressionq\0~\0	L\0invokeTargetq\0~\0	L\0jobGroupq\0~\0	L\0jobIdt\0Ljava/lang/Long;L\0jobNameq\0~\0	L\0\rmisfirePolicyq\0~\0	L\0statusq\0~\0	xr\0+com.equipment.common.core.domain.BaseEntity\0\0\0\0\0\0\0\0L\0createByq\0~\0	L\0\ncreateTimet\0Ljava/util/Date;L\0paramsq\0~\0L\0remarkq\0~\0	L\0searchValueq\0~\0	L\0updateByq\0~\0	L\0\nupdateTimeq\0~\0xpt\0adminsr\0java.util.DatehjKYt\0\0xpw\0\0vÎ²ó¸xpt\0\0pppt\01t\00/10 * * * * ?t\0ryTask.ryNoParamst\0DEFAULTsr\0java.lang.Long;‹äÌ#ß\0J\0valuexr\0java.lang.Number†¬•”à‹\0\0xp\0\0\0\0\0\0\0t\0ç³»ç»Ÿé»˜è®¤ï¼ˆæ— å‚ï¼‰t\03t\01x\0'),('EquipmentScheduler','TASK_CLASS_NAME2','DEFAULT',NULL,'com.equipment.quartz.util.QuartzDisallowConcurrentExecution','0','1','0','0','¬í\0sr\0org.quartz.JobDataMapŸ°ƒè¿©°Ë\0\0xr\0&org.quartz.utils.StringKeyDirtyFlagMap‚èÃûÅ](\0Z\0allowsTransientDataxr\0org.quartz.utils.DirtyFlagMapæ.­(v\nÎ\0Z\0dirtyL\0mapt\0Ljava/util/Map;xpsr\0java.util.HashMapÚÁÃ`Ñ\0F\0\nloadFactorI\0	thresholdxp?@\0\0\0\0\0w\0\0\0\0\0\0t\0TASK_PROPERTIESsr\0\"com.equipment.quartz.domain.SysJob\0\0\0\0\0\0\0\0L\0\nconcurrentt\0Ljava/lang/String;L\0cronExpressionq\0~\0	L\0invokeTargetq\0~\0	L\0jobGroupq\0~\0	L\0jobIdt\0Ljava/lang/Long;L\0jobNameq\0~\0	L\0\rmisfirePolicyq\0~\0	L\0statusq\0~\0	xr\0+com.equipment.common.core.domain.BaseEntity\0\0\0\0\0\0\0\0L\0createByq\0~\0	L\0\ncreateTimet\0Ljava/util/Date;L\0paramsq\0~\0L\0remarkq\0~\0	L\0searchValueq\0~\0	L\0updateByq\0~\0	L\0\nupdateTimeq\0~\0xpt\0adminsr\0java.util.DatehjKYt\0\0xpw\0\0vÎ²ó¸xpt\0\0pppt\01t\00/15 * * * * ?t\0ryTask.ryParams(\'ry\')t\0DEFAULTsr\0java.lang.Long;‹äÌ#ß\0J\0valuexr\0java.lang.Number†¬•”à‹\0\0xp\0\0\0\0\0\0\0t\0ç³»ç»Ÿé»˜è®¤ï¼ˆæœ‰å‚ï¼‰t\03t\01x\0'),('EquipmentScheduler','TASK_CLASS_NAME3','DEFAULT',NULL,'com.equipment.quartz.util.QuartzDisallowConcurrentExecution','0','1','0','0','¬í\0sr\0org.quartz.JobDataMapŸ°ƒè¿©°Ë\0\0xr\0&org.quartz.utils.StringKeyDirtyFlagMap‚èÃûÅ](\0Z\0allowsTransientDataxr\0org.quartz.utils.DirtyFlagMapæ.­(v\nÎ\0Z\0dirtyL\0mapt\0Ljava/util/Map;xpsr\0java.util.HashMapÚÁÃ`Ñ\0F\0\nloadFactorI\0	thresholdxp?@\0\0\0\0\0w\0\0\0\0\0\0t\0TASK_PROPERTIESsr\0\"com.equipment.quartz.domain.SysJob\0\0\0\0\0\0\0\0L\0\nconcurrentt\0Ljava/lang/String;L\0cronExpressionq\0~\0	L\0invokeTargetq\0~\0	L\0jobGroupq\0~\0	L\0jobIdt\0Ljava/lang/Long;L\0jobNameq\0~\0	L\0\rmisfirePolicyq\0~\0	L\0statusq\0~\0	xr\0+com.equipment.common.core.domain.BaseEntity\0\0\0\0\0\0\0\0L\0createByq\0~\0	L\0\ncreateTimet\0Ljava/util/Date;L\0paramsq\0~\0L\0remarkq\0~\0	L\0searchValueq\0~\0	L\0updateByq\0~\0	L\0\nupdateTimeq\0~\0xpt\0adminsr\0java.util.DatehjKYt\0\0xpw\0\0vÎ²ó¸xpt\0\0pppt\01t\00/20 * * * * ?t\08ryTask.ryMultipleParams(\'ry\', true, 2000L, 316.50D, 100)t\0DEFAULTsr\0java.lang.Long;‹äÌ#ß\0J\0valuexr\0java.lang.Number†¬•”à‹\0\0xp\0\0\0\0\0\0\0t\0ç³»ç»Ÿé»˜è®¤ï¼ˆå¤šå‚ï¼‰t\03t\01x\0');

/*Table structure for table `qrtz_locks` */

DROP TABLE IF EXISTS `qrtz_locks`;

CREATE TABLE `qrtz_locks` (
  `sched_name` varchar(120) NOT NULL,
  `lock_name` varchar(40) NOT NULL,
  PRIMARY KEY (`sched_name`,`lock_name`)
) ENGINE=InnoDB DEFAULT CHARSET=utf8;

/*Data for the table `qrtz_locks` */

insert  into `qrtz_locks`(`sched_name`,`lock_name`) values ('EquipmentScheduler','STATE_ACCESS'),('EquipmentScheduler','TRIGGER_ACCESS');

/*Table structure for table `qrtz_paused_trigger_grps` */

DROP TABLE IF EXISTS `qrtz_paused_trigger_grps`;

CREATE TABLE `qrtz_paused_trigger_grps` (
  `sched_name` varchar(120) NOT NULL,
  `trigger_group` varchar(200) NOT NULL,
  PRIMARY KEY (`sched_name`,`trigger_group`)
) ENGINE=InnoDB DEFAULT CHARSET=utf8;

/*Data for the table `qrtz_paused_trigger_grps` */

/*Table structure for table `qrtz_scheduler_state` */

DROP TABLE IF EXISTS `qrtz_scheduler_state`;

CREATE TABLE `qrtz_scheduler_state` (
  `sched_name` varchar(120) NOT NULL,
  `instance_name` varchar(200) NOT NULL,
  `last_checkin_time` bigint(13) NOT NULL,
  `checkin_interval` bigint(13) NOT NULL,
  PRIMARY KEY (`sched_name`,`instance_name`)
) ENGINE=InnoDB DEFAULT CHARSET=utf8;

/*Data for the table `qrtz_scheduler_state` */

insert  into `qrtz_scheduler_state`(`sched_name`,`instance_name`,`last_checkin_time`,`checkin_interval`) values ('EquipmentScheduler','Yayo1613925130807',1613925358983,15000);

/*Table structure for table `qrtz_simple_triggers` */

DROP TABLE IF EXISTS `qrtz_simple_triggers`;

CREATE TABLE `qrtz_simple_triggers` (
  `sched_name` varchar(120) NOT NULL,
  `trigger_name` varchar(200) NOT NULL,
  `trigger_group` varchar(200) NOT NULL,
  `repeat_count` bigint(7) NOT NULL,
  `repeat_interval` bigint(12) NOT NULL,
  `times_triggered` bigint(10) NOT NULL,
  PRIMARY KEY (`sched_name`,`trigger_name`,`trigger_group`),
  CONSTRAINT `qrtz_simple_triggers_ibfk_1` FOREIGN KEY (`sched_name`, `trigger_name`, `trigger_group`) REFERENCES `qrtz_triggers` (`sched_name`, `trigger_name`, `trigger_group`)
) ENGINE=InnoDB DEFAULT CHARSET=utf8;

/*Data for the table `qrtz_simple_triggers` */

/*Table structure for table `qrtz_simprop_triggers` */

DROP TABLE IF EXISTS `qrtz_simprop_triggers`;

CREATE TABLE `qrtz_simprop_triggers` (
  `sched_name` varchar(120) NOT NULL,
  `trigger_name` varchar(200) NOT NULL,
  `trigger_group` varchar(200) NOT NULL,
  `str_prop_1` varchar(512) DEFAULT NULL,
  `str_prop_2` varchar(512) DEFAULT NULL,
  `str_prop_3` varchar(512) DEFAULT NULL,
  `int_prop_1` int(11) DEFAULT NULL,
  `int_prop_2` int(11) DEFAULT NULL,
  `long_prop_1` bigint(20) DEFAULT NULL,
  `long_prop_2` bigint(20) DEFAULT NULL,
  `dec_prop_1` decimal(13,4) DEFAULT NULL,
  `dec_prop_2` decimal(13,4) DEFAULT NULL,
  `bool_prop_1` varchar(1) DEFAULT NULL,
  `bool_prop_2` varchar(1) DEFAULT NULL,
  PRIMARY KEY (`sched_name`,`trigger_name`,`trigger_group`),
  CONSTRAINT `qrtz_simprop_triggers_ibfk_1` FOREIGN KEY (`sched_name`, `trigger_name`, `trigger_group`) REFERENCES `qrtz_triggers` (`sched_name`, `trigger_name`, `trigger_group`)
) ENGINE=InnoDB DEFAULT CHARSET=utf8;

/*Data for the table `qrtz_simprop_triggers` */

/*Table structure for table `qrtz_triggers` */

DROP TABLE IF EXISTS `qrtz_triggers`;

CREATE TABLE `qrtz_triggers` (
  `sched_name` varchar(120) NOT NULL,
  `trigger_name` varchar(200) NOT NULL,
  `trigger_group` varchar(200) NOT NULL,
  `job_name` varchar(200) NOT NULL,
  `job_group` varchar(200) NOT NULL,
  `description` varchar(250) DEFAULT NULL,
  `next_fire_time` bigint(13) DEFAULT NULL,
  `prev_fire_time` bigint(13) DEFAULT NULL,
  `priority` int(11) DEFAULT NULL,
  `trigger_state` varchar(16) NOT NULL,
  `trigger_type` varchar(8) NOT NULL,
  `start_time` bigint(13) NOT NULL,
  `end_time` bigint(13) DEFAULT NULL,
  `calendar_name` varchar(200) DEFAULT NULL,
  `misfire_instr` smallint(2) DEFAULT NULL,
  `job_data` blob,
  PRIMARY KEY (`sched_name`,`trigger_name`,`trigger_group`),
  KEY `sched_name` (`sched_name`,`job_name`,`job_group`),
  CONSTRAINT `qrtz_triggers_ibfk_1` FOREIGN KEY (`sched_name`, `job_name`, `job_group`) REFERENCES `qrtz_job_details` (`sched_name`, `job_name`, `job_group`)
) ENGINE=InnoDB DEFAULT CHARSET=utf8;

/*Data for the table `qrtz_triggers` */

insert  into `qrtz_triggers`(`sched_name`,`trigger_name`,`trigger_group`,`job_name`,`job_group`,`description`,`next_fire_time`,`prev_fire_time`,`priority`,`trigger_state`,`trigger_type`,`start_time`,`end_time`,`calendar_name`,`misfire_instr`,`job_data`) values ('EquipmentScheduler','TASK_CLASS_NAME1','DEFAULT','TASK_CLASS_NAME1','DEFAULT',NULL,1613925130000,-1,5,'PAUSED','CRON',1613925130000,0,NULL,2,''),('EquipmentScheduler','TASK_CLASS_NAME2','DEFAULT','TASK_CLASS_NAME2','DEFAULT',NULL,1613925135000,-1,5,'PAUSED','CRON',1613925131000,0,NULL,2,''),('EquipmentScheduler','TASK_CLASS_NAME3','DEFAULT','TASK_CLASS_NAME3','DEFAULT',NULL,1613925140000,-1,5,'PAUSED','CRON',1613925131000,0,NULL,2,'');

/*Table structure for table `sys_config` */

DROP TABLE IF EXISTS `sys_config`;

CREATE TABLE `sys_config` (
  `config_id` int(5) NOT NULL AUTO_INCREMENT COMMENT 'å‚æ•°ä¸»é”®',
  `config_name` varchar(100) DEFAULT '' COMMENT 'å‚æ•°åç§°',
  `config_key` varchar(100) DEFAULT '' COMMENT 'å‚æ•°é”®å',
  `config_value` varchar(500) DEFAULT '' COMMENT 'å‚æ•°é”®å€¼',
  `config_type` char(1) DEFAULT 'N' COMMENT 'ç³»ç»Ÿå†…ç½®ï¼ˆYæ˜¯ Nå¦ï¼‰',
  `create_by` varchar(64) DEFAULT '' COMMENT 'åˆ›å»ºè€…',
  `create_time` datetime DEFAULT NULL COMMENT 'åˆ›å»ºæ—¶é—´',
  `update_by` varchar(64) DEFAULT '' COMMENT 'æ›´æ–°è€…',
  `update_time` datetime DEFAULT NULL COMMENT 'æ›´æ–°æ—¶é—´',
  `remark` varchar(500) DEFAULT NULL COMMENT 'å¤‡æ³¨',
  PRIMARY KEY (`config_id`)
) ENGINE=InnoDB AUTO_INCREMENT=100 DEFAULT CHARSET=utf8 COMMENT='å‚æ•°é…ç½®è¡¨';

/*Data for the table `sys_config` */

insert  into `sys_config`(`config_id`,`config_name`,`config_key`,`config_value`,`config_type`,`create_by`,`create_time`,`update_by`,`update_time`,`remark`) values (1,'ä¸»æ¡†æ¶é¡µ-é»˜è®¤çš®è‚¤æ ·å¼åç§°','sys.index.skinName','skin-blue','Y','admin','2021-01-05 02:39:59','',NULL,'è“è‰² skin-blueã€ç»¿è‰² skin-greenã€ç´«è‰² skin-purpleã€çº¢è‰² skin-redã€é»„è‰² skin-yellow'),(2,'ç”¨æˆ·ç®¡ç†-è´¦å·åˆå§‹å¯†ç ','sys.user.initPassword','123456','Y','admin','2021-01-05 02:39:59','',NULL,'åˆå§‹åŒ–å¯†ç  123456'),(3,'ä¸»æ¡†æ¶é¡µ-ä¾§è¾¹æ ä¸»é¢˜','sys.index.sideTheme','theme-dark','Y','admin','2021-01-05 02:39:59','',NULL,'æ·±é»‘ä¸»é¢˜theme-darkï¼Œæµ…è‰²ä¸»é¢˜theme-lightï¼Œæ·±è“ä¸»é¢˜theme-blue'),(4,'è´¦å·è‡ªåŠ©-æ˜¯å¦å¼€å¯ç”¨æˆ·æ³¨å†ŒåŠŸèƒ½','sys.account.registerUser','false','Y','admin','2021-01-05 02:39:59','',NULL,'æ˜¯å¦å¼€å¯æ³¨å†Œç”¨æˆ·åŠŸèƒ½ï¼ˆtrueå¼€å¯ï¼Œfalseå…³é—­ï¼‰'),(5,'ç”¨æˆ·ç®¡ç†-å¯†ç å­—ç¬¦èŒƒå›´','sys.account.chrtype','0','Y','admin','2021-01-05 02:39:59','',NULL,'é»˜è®¤ä»»æ„å­—ç¬¦èŒƒå›´ï¼Œ0ä»»æ„ï¼ˆå¯†ç å¯ä»¥è¾“å…¥ä»»æ„å­—ç¬¦ï¼‰ï¼Œ1æ•°å­—ï¼ˆå¯†ç åªèƒ½ä¸º0-9æ•°å­—ï¼‰ï¼Œ2è‹±æ–‡å­—æ¯ï¼ˆå¯†ç åªèƒ½ä¸ºa-zå’ŒA-Zå­—æ¯ï¼‰ï¼Œ3å­—æ¯å’Œæ•°å­—ï¼ˆå¯†ç å¿…é¡»åŒ…å«å­—æ¯ï¼Œæ•°å­—ï¼‰,4å­—æ¯æ•°å­—å’Œç‰¹æ®Šå­—ç¬¦ï¼ˆç›®å‰æ”¯æŒçš„ç‰¹æ®Šå­—ç¬¦åŒ…æ‹¬ï¼š~!@#$%^&*()-=_+ï¼‰'),(6,'ç”¨æˆ·ç®¡ç†-åˆå§‹å¯†ç ä¿®æ”¹ç­–ç•¥','sys.account.initPasswordModify','0','Y','admin','2021-01-05 02:39:59','',NULL,'0ï¼šåˆå§‹å¯†ç ä¿®æ”¹ç­–ç•¥å…³é—­ï¼Œæ²¡æœ‰ä»»ä½•æç¤ºï¼Œ1ï¼šæé†’ç”¨æˆ·ï¼Œå¦‚æœæœªä¿®æ”¹åˆå§‹å¯†ç ï¼Œåˆ™åœ¨ç™»å½•æ—¶å°±ä¼šæé†’ä¿®æ”¹å¯†ç å¯¹è¯æ¡†'),(7,'ç”¨æˆ·ç®¡ç†-è´¦å·å¯†ç æ›´æ–°å‘¨æœŸ','sys.account.passwordValidateDays','0','Y','admin','2021-01-05 02:39:59','',NULL,'å¯†ç æ›´æ–°å‘¨æœŸï¼ˆå¡«å†™æ•°å­—ï¼Œæ•°æ®åˆå§‹åŒ–å€¼ä¸º0ä¸é™åˆ¶ï¼Œè‹¥ä¿®æ”¹å¿…é¡»ä¸ºå¤§äº0å°äº365çš„æ­£æ•´æ•°ï¼‰ï¼Œå¦‚æœè¶…è¿‡è¿™ä¸ªå‘¨æœŸç™»å½•ç³»ç»Ÿæ—¶ï¼Œåˆ™åœ¨ç™»å½•æ—¶å°±ä¼šæé†’ä¿®æ”¹å¯†ç å¯¹è¯æ¡†'),(8,'ä¸»æ¡†æ¶é¡µ-èœå•å¯¼èˆªæ˜¾ç¤ºé£æ ¼','sys.index.menuStyle','default','Y','admin','2021-01-05 02:39:59','',NULL,'èœå•å¯¼èˆªæ˜¾ç¤ºé£æ ¼ï¼ˆdefaultä¸ºå·¦ä¾§å¯¼èˆªèœå•ï¼Œtopnavä¸ºé¡¶éƒ¨å¯¼èˆªèœå•ï¼‰'),(9,'ä¸»æ¡†æ¶é¡µ-æ˜¯å¦å¼€å¯é¡µè„š','sys.index.ignoreFooter','true','Y','admin','2021-01-05 02:39:59','',NULL,'æ˜¯å¦å¼€å¯åº•éƒ¨é¡µè„šæ˜¾ç¤ºï¼ˆtrueæ˜¾ç¤ºï¼Œfalseéšè—ï¼‰');

/*Table structure for table `sys_dept` */

DROP TABLE IF EXISTS `sys_dept`;

CREATE TABLE `sys_dept` (
  `dept_id` bigint(20) NOT NULL AUTO_INCREMENT COMMENT 'éƒ¨é—¨id',
  `parent_id` bigint(20) DEFAULT '0' COMMENT 'çˆ¶éƒ¨é—¨id',
  `ancestors` varchar(50) DEFAULT '' COMMENT 'ç¥–çº§åˆ—è¡¨',
  `dept_name` varchar(30) DEFAULT '' COMMENT 'éƒ¨é—¨åç§°',
  `order_num` int(4) DEFAULT '0' COMMENT 'æ˜¾ç¤ºé¡ºåº',
  `leader` varchar(20) DEFAULT NULL COMMENT 'è´Ÿè´£äºº',
  `phone` varchar(11) DEFAULT NULL COMMENT 'è”ç³»ç”µè¯',
  `email` varchar(50) DEFAULT NULL COMMENT 'é‚®ç®±',
  `status` char(1) DEFAULT '0' COMMENT 'éƒ¨é—¨çŠ¶æ€ï¼ˆ0æ­£å¸¸ 1åœç”¨ï¼‰',
  `del_flag` char(1) DEFAULT '0' COMMENT 'åˆ é™¤æ ‡å¿—ï¼ˆ0ä»£è¡¨å­˜åœ¨ 2ä»£è¡¨åˆ é™¤ï¼‰',
  `create_by` varchar(64) DEFAULT '' COMMENT 'åˆ›å»ºè€…',
  `create_time` datetime DEFAULT NULL COMMENT 'åˆ›å»ºæ—¶é—´',
  `update_by` varchar(64) DEFAULT '' COMMENT 'æ›´æ–°è€…',
  `update_time` datetime DEFAULT NULL COMMENT 'æ›´æ–°æ—¶é—´',
  PRIMARY KEY (`dept_id`)
) ENGINE=InnoDB AUTO_INCREMENT=200 DEFAULT CHARSET=utf8 COMMENT='éƒ¨é—¨è¡¨';

/*Data for the table `sys_dept` */

insert  into `sys_dept`(`dept_id`,`parent_id`,`ancestors`,`dept_name`,`order_num`,`leader`,`phone`,`email`,`status`,`del_flag`,`create_by`,`create_time`,`update_by`,`update_time`) values (100,0,'0','è‹¥ä¾ç§‘æŠ€',0,'è‹¥ä¾','15888888888','ry@qq.com','0','0','admin','2021-01-05 02:39:29','',NULL),(101,100,'0,100','æ·±åœ³æ€»å…¬å¸',1,'è‹¥ä¾','15888888888','ry@qq.com','0','0','admin','2021-01-05 02:39:29','',NULL),(102,100,'0,100','é•¿æ²™åˆ†å…¬å¸',2,'è‹¥ä¾','15888888888','ry@qq.com','0','0','admin','2021-01-05 02:39:29','',NULL),(103,101,'0,100,101','ç ”å‘éƒ¨é—¨',1,'è‹¥ä¾','15888888888','ry@qq.com','0','0','admin','2021-01-05 02:39:29','',NULL),(104,101,'0,100,101','å¸‚åœºéƒ¨é—¨',2,'è‹¥ä¾','15888888888','ry@qq.com','0','0','admin','2021-01-05 02:39:29','',NULL),(105,101,'0,100,101','æµ‹è¯•éƒ¨é—¨',3,'è‹¥ä¾','15888888888','ry@qq.com','0','0','admin','2021-01-05 02:39:29','',NULL),(106,101,'0,100,101','è´¢åŠ¡éƒ¨é—¨',4,'è‹¥ä¾','15888888888','ry@qq.com','0','0','admin','2021-01-05 02:39:29','',NULL),(107,101,'0,100,101','è¿ç»´éƒ¨é—¨',5,'è‹¥ä¾','15888888888','ry@qq.com','0','0','admin','2021-01-05 02:39:29','',NULL),(108,102,'0,100,102','å¸‚åœºéƒ¨é—¨',1,'è‹¥ä¾','15888888888','ry@qq.com','0','0','admin','2021-01-05 02:39:29','',NULL),(109,102,'0,100,102','è´¢åŠ¡éƒ¨é—¨',2,'è‹¥ä¾','15888888888','ry@qq.com','0','0','admin','2021-01-05 02:39:29','',NULL);

/*Table structure for table `sys_dict_data` */

DROP TABLE IF EXISTS `sys_dict_data`;

CREATE TABLE `sys_dict_data` (
  `dict_code` bigint(20) NOT NULL AUTO_INCREMENT COMMENT 'å­—å…¸ç¼–ç ',
  `dict_sort` int(4) DEFAULT '0' COMMENT 'å­—å…¸æ’åº',
  `dict_label` varchar(100) DEFAULT '' COMMENT 'å­—å…¸æ ‡ç­¾',
  `dict_value` varchar(100) DEFAULT '' COMMENT 'å­—å…¸é”®å€¼',
  `dict_type` varchar(100) DEFAULT '' COMMENT 'å­—å…¸ç±»å‹',
  `css_class` varchar(100) DEFAULT NULL COMMENT 'æ ·å¼å±æ€§ï¼ˆå…¶ä»–æ ·å¼æ‰©å±•ï¼‰',
  `list_class` varchar(100) DEFAULT NULL COMMENT 'è¡¨æ ¼å›æ˜¾æ ·å¼',
  `is_default` char(1) DEFAULT 'N' COMMENT 'æ˜¯å¦é»˜è®¤ï¼ˆYæ˜¯ Nå¦ï¼‰',
  `status` char(1) DEFAULT '0' COMMENT 'çŠ¶æ€ï¼ˆ0æ­£å¸¸ 1åœç”¨ï¼‰',
  `create_by` varchar(64) DEFAULT '' COMMENT 'åˆ›å»ºè€…',
  `create_time` datetime DEFAULT NULL COMMENT 'åˆ›å»ºæ—¶é—´',
  `update_by` varchar(64) DEFAULT '' COMMENT 'æ›´æ–°è€…',
  `update_time` datetime DEFAULT NULL COMMENT 'æ›´æ–°æ—¶é—´',
  `remark` varchar(500) DEFAULT NULL COMMENT 'å¤‡æ³¨',
  PRIMARY KEY (`dict_code`)
) ENGINE=InnoDB AUTO_INCREMENT=100 DEFAULT CHARSET=utf8 COMMENT='å­—å…¸æ•°æ®è¡¨';

/*Data for the table `sys_dict_data` */

insert  into `sys_dict_data`(`dict_code`,`dict_sort`,`dict_label`,`dict_value`,`dict_type`,`css_class`,`list_class`,`is_default`,`status`,`create_by`,`create_time`,`update_by`,`update_time`,`remark`) values (1,1,'ç”·','0','sys_user_sex','','','Y','0','admin','2021-01-05 02:39:56','',NULL,'æ€§åˆ«ç”·'),(2,2,'å¥³','1','sys_user_sex','','','N','0','admin','2021-01-05 02:39:56','',NULL,'æ€§åˆ«å¥³'),(3,3,'æœªçŸ¥','2','sys_user_sex','','','N','0','admin','2021-01-05 02:39:56','',NULL,'æ€§åˆ«æœªçŸ¥'),(4,1,'æ˜¾ç¤º','0','sys_show_hide','','primary','Y','0','admin','2021-01-05 02:39:56','',NULL,'æ˜¾ç¤ºèœå•'),(5,2,'éšè—','1','sys_show_hide','','danger','N','0','admin','2021-01-05 02:39:56','',NULL,'éšè—èœå•'),(6,1,'æ­£å¸¸','0','sys_normal_disable','','primary','Y','0','admin','2021-01-05 02:39:56','',NULL,'æ­£å¸¸çŠ¶æ€'),(7,2,'åœç”¨','1','sys_normal_disable','','danger','N','0','admin','2021-01-05 02:39:56','',NULL,'åœç”¨çŠ¶æ€'),(8,1,'æ­£å¸¸','0','sys_job_status','','primary','Y','0','admin','2021-01-05 02:39:56','',NULL,'æ­£å¸¸çŠ¶æ€'),(9,2,'æš‚åœ','1','sys_job_status','','danger','N','0','admin','2021-01-05 02:39:56','',NULL,'åœç”¨çŠ¶æ€'),(10,1,'é»˜è®¤','DEFAULT','sys_job_group','','','Y','0','admin','2021-01-05 02:39:56','',NULL,'é»˜è®¤åˆ†ç»„'),(11,2,'ç³»ç»Ÿ','SYSTEM','sys_job_group','','','N','0','admin','2021-01-05 02:39:56','',NULL,'ç³»ç»Ÿåˆ†ç»„'),(12,1,'æ˜¯','Y','sys_yes_no','','primary','Y','0','admin','2021-01-05 02:39:56','',NULL,'ç³»ç»Ÿé»˜è®¤æ˜¯'),(13,2,'å¦','N','sys_yes_no','','danger','N','0','admin','2021-01-05 02:39:56','',NULL,'ç³»ç»Ÿé»˜è®¤å¦'),(14,1,'é€šçŸ¥','1','sys_notice_type','','warning','Y','0','admin','2021-01-05 02:39:56','',NULL,'é€šçŸ¥'),(15,2,'å…¬å‘Š','2','sys_notice_type','','success','N','0','admin','2021-01-05 02:39:56','',NULL,'å…¬å‘Š'),(16,1,'æ­£å¸¸','0','sys_notice_status','','primary','Y','0','admin','2021-01-05 02:39:56','',NULL,'æ­£å¸¸çŠ¶æ€'),(17,2,'å…³é—­','1','sys_notice_status','','danger','N','0','admin','2021-01-05 02:39:57','',NULL,'å…³é—­çŠ¶æ€'),(18,99,'å…¶ä»–','0','sys_oper_type','','info','N','0','admin','2021-01-05 02:39:57','',NULL,'å…¶ä»–æ“ä½œ'),(19,1,'æ–°å¢','1','sys_oper_type','','info','N','0','admin','2021-01-05 02:39:57','',NULL,'æ–°å¢æ“ä½œ'),(20,2,'ä¿®æ”¹','2','sys_oper_type','','info','N','0','admin','2021-01-05 02:39:57','',NULL,'ä¿®æ”¹æ“ä½œ'),(21,3,'åˆ é™¤','3','sys_oper_type','','danger','N','0','admin','2021-01-05 02:39:57','',NULL,'åˆ é™¤æ“ä½œ'),(22,4,'æˆæƒ','4','sys_oper_type','','primary','N','0','admin','2021-01-05 02:39:57','',NULL,'æˆæƒæ“ä½œ'),(23,5,'å¯¼å‡º','5','sys_oper_type','','warning','N','0','admin','2021-01-05 02:39:57','',NULL,'å¯¼å‡ºæ“ä½œ'),(24,6,'å¯¼å…¥','6','sys_oper_type','','warning','N','0','admin','2021-01-05 02:39:57','',NULL,'å¯¼å…¥æ“ä½œ'),(25,7,'å¼ºé€€','7','sys_oper_type','','danger','N','0','admin','2021-01-05 02:39:57','',NULL,'å¼ºé€€æ“ä½œ'),(26,8,'ç”Ÿæˆä»£ç ','8','sys_oper_type','','warning','N','0','admin','2021-01-05 02:39:57','',NULL,'ç”Ÿæˆæ“ä½œ'),(27,9,'æ¸…ç©ºæ•°æ®','9','sys_oper_type','','danger','N','0','admin','2021-01-05 02:39:57','',NULL,'æ¸…ç©ºæ“ä½œ'),(28,1,'æˆåŠŸ','0','sys_common_status','','primary','N','0','admin','2021-01-05 02:39:57','',NULL,'æ­£å¸¸çŠ¶æ€'),(29,2,'å¤±è´¥','1','sys_common_status','','danger','N','0','admin','2021-01-05 02:39:57','',NULL,'åœç”¨çŠ¶æ€');

/*Table structure for table `sys_dict_type` */

DROP TABLE IF EXISTS `sys_dict_type`;

CREATE TABLE `sys_dict_type` (
  `dict_id` bigint(20) NOT NULL AUTO_INCREMENT COMMENT 'å­—å…¸ä¸»é”®',
  `dict_name` varchar(100) DEFAULT '' COMMENT 'å­—å…¸åç§°',
  `dict_type` varchar(100) DEFAULT '' COMMENT 'å­—å…¸ç±»å‹',
  `status` char(1) DEFAULT '0' COMMENT 'çŠ¶æ€ï¼ˆ0æ­£å¸¸ 1åœç”¨ï¼‰',
  `create_by` varchar(64) DEFAULT '' COMMENT 'åˆ›å»ºè€…',
  `create_time` datetime DEFAULT NULL COMMENT 'åˆ›å»ºæ—¶é—´',
  `update_by` varchar(64) DEFAULT '' COMMENT 'æ›´æ–°è€…',
  `update_time` datetime DEFAULT NULL COMMENT 'æ›´æ–°æ—¶é—´',
  `remark` varchar(500) DEFAULT NULL COMMENT 'å¤‡æ³¨',
  PRIMARY KEY (`dict_id`),
  UNIQUE KEY `dict_type` (`dict_type`)
) ENGINE=InnoDB AUTO_INCREMENT=100 DEFAULT CHARSET=utf8 COMMENT='å­—å…¸ç±»å‹è¡¨';

/*Data for the table `sys_dict_type` */

insert  into `sys_dict_type`(`dict_id`,`dict_name`,`dict_type`,`status`,`create_by`,`create_time`,`update_by`,`update_time`,`remark`) values (1,'ç”¨æˆ·æ€§åˆ«','sys_user_sex','0','admin','2021-01-05 02:39:54','',NULL,'ç”¨æˆ·æ€§åˆ«åˆ—è¡¨'),(2,'èœå•çŠ¶æ€','sys_show_hide','0','admin','2021-01-05 02:39:54','',NULL,'èœå•çŠ¶æ€åˆ—è¡¨'),(3,'ç³»ç»Ÿå¼€å…³','sys_normal_disable','0','admin','2021-01-05 02:39:54','',NULL,'ç³»ç»Ÿå¼€å…³åˆ—è¡¨'),(4,'ä»»åŠ¡çŠ¶æ€','sys_job_status','0','admin','2021-01-05 02:39:54','',NULL,'ä»»åŠ¡çŠ¶æ€åˆ—è¡¨'),(5,'ä»»åŠ¡åˆ†ç»„','sys_job_group','0','admin','2021-01-05 02:39:54','',NULL,'ä»»åŠ¡åˆ†ç»„åˆ—è¡¨'),(6,'ç³»ç»Ÿæ˜¯å¦','sys_yes_no','0','admin','2021-01-05 02:39:54','',NULL,'ç³»ç»Ÿæ˜¯å¦åˆ—è¡¨'),(7,'é€šçŸ¥ç±»å‹','sys_notice_type','0','admin','2021-01-05 02:39:54','',NULL,'é€šçŸ¥ç±»å‹åˆ—è¡¨'),(8,'é€šçŸ¥çŠ¶æ€','sys_notice_status','0','admin','2021-01-05 02:39:54','',NULL,'é€šçŸ¥çŠ¶æ€åˆ—è¡¨'),(9,'æ“ä½œç±»å‹','sys_oper_type','0','admin','2021-01-05 02:39:54','',NULL,'æ“ä½œç±»å‹åˆ—è¡¨'),(10,'ç³»ç»ŸçŠ¶æ€','sys_common_status','0','admin','2021-01-05 02:39:54','',NULL,'ç™»å½•çŠ¶æ€åˆ—è¡¨');

/*Table structure for table `sys_job` */

DROP TABLE IF EXISTS `sys_job`;

CREATE TABLE `sys_job` (
  `job_id` bigint(20) NOT NULL AUTO_INCREMENT COMMENT 'ä»»åŠ¡ID',
  `job_name` varchar(64) NOT NULL DEFAULT '' COMMENT 'ä»»åŠ¡åç§°',
  `job_group` varchar(64) NOT NULL DEFAULT 'DEFAULT' COMMENT 'ä»»åŠ¡ç»„å',
  `invoke_target` varchar(500) NOT NULL COMMENT 'è°ƒç”¨ç›®æ ‡å­—ç¬¦ä¸²',
  `cron_expression` varchar(255) DEFAULT '' COMMENT 'cronæ‰§è¡Œè¡¨è¾¾å¼',
  `misfire_policy` varchar(20) DEFAULT '3' COMMENT 'è®¡åˆ’æ‰§è¡Œé”™è¯¯ç­–ç•¥ï¼ˆ1ç«‹å³æ‰§è¡Œ 2æ‰§è¡Œä¸€æ¬¡ 3æ”¾å¼ƒæ‰§è¡Œï¼‰',
  `concurrent` char(1) DEFAULT '1' COMMENT 'æ˜¯å¦å¹¶å‘æ‰§è¡Œï¼ˆ0å…è®¸ 1ç¦æ­¢ï¼‰',
  `status` char(1) DEFAULT '0' COMMENT 'çŠ¶æ€ï¼ˆ0æ­£å¸¸ 1æš‚åœï¼‰',
  `create_by` varchar(64) DEFAULT '' COMMENT 'åˆ›å»ºè€…',
  `create_time` datetime DEFAULT NULL COMMENT 'åˆ›å»ºæ—¶é—´',
  `update_by` varchar(64) DEFAULT '' COMMENT 'æ›´æ–°è€…',
  `update_time` datetime DEFAULT NULL COMMENT 'æ›´æ–°æ—¶é—´',
  `remark` varchar(500) DEFAULT '' COMMENT 'å¤‡æ³¨ä¿¡æ¯',
  PRIMARY KEY (`job_id`,`job_name`,`job_group`)
) ENGINE=InnoDB AUTO_INCREMENT=100 DEFAULT CHARSET=utf8 COMMENT='å®šæ—¶ä»»åŠ¡è°ƒåº¦è¡¨';

/*Data for the table `sys_job` */

insert  into `sys_job`(`job_id`,`job_name`,`job_group`,`invoke_target`,`cron_expression`,`misfire_policy`,`concurrent`,`status`,`create_by`,`create_time`,`update_by`,`update_time`,`remark`) values (1,'ç³»ç»Ÿé»˜è®¤ï¼ˆæ— å‚ï¼‰','DEFAULT','ryTask.ryNoParams','0/10 * * * * ?','3','1','1','admin','2021-01-05 02:40:03','',NULL,''),(2,'ç³»ç»Ÿé»˜è®¤ï¼ˆæœ‰å‚ï¼‰','DEFAULT','ryTask.ryParams(\'ry\')','0/15 * * * * ?','3','1','1','admin','2021-01-05 02:40:03','',NULL,''),(3,'ç³»ç»Ÿé»˜è®¤ï¼ˆå¤šå‚ï¼‰','DEFAULT','ryTask.ryMultipleParams(\'ry\', true, 2000L, 316.50D, 100)','0/20 * * * * ?','3','1','1','admin','2021-01-05 02:40:03','',NULL,'');

/*Table structure for table `sys_job_log` */

DROP TABLE IF EXISTS `sys_job_log`;

CREATE TABLE `sys_job_log` (
  `job_log_id` bigint(20) NOT NULL AUTO_INCREMENT COMMENT 'ä»»åŠ¡æ—¥å¿—ID',
  `job_name` varchar(64) NOT NULL COMMENT 'ä»»åŠ¡åç§°',
  `job_group` varchar(64) NOT NULL COMMENT 'ä»»åŠ¡ç»„å',
  `invoke_target` varchar(500) NOT NULL COMMENT 'è°ƒç”¨ç›®æ ‡å­—ç¬¦ä¸²',
  `job_message` varchar(500) DEFAULT NULL COMMENT 'æ—¥å¿—ä¿¡æ¯',
  `status` char(1) DEFAULT '0' COMMENT 'æ‰§è¡ŒçŠ¶æ€ï¼ˆ0æ­£å¸¸ 1å¤±è´¥ï¼‰',
  `exception_info` varchar(2000) DEFAULT '' COMMENT 'å¼‚å¸¸ä¿¡æ¯',
  `create_time` datetime DEFAULT NULL COMMENT 'åˆ›å»ºæ—¶é—´',
  PRIMARY KEY (`job_log_id`)
) ENGINE=InnoDB DEFAULT CHARSET=utf8 COMMENT='å®šæ—¶ä»»åŠ¡è°ƒåº¦æ—¥å¿—è¡¨';

/*Data for the table `sys_job_log` */

/*Table structure for table `sys_logininfor` */

DROP TABLE IF EXISTS `sys_logininfor`;

CREATE TABLE `sys_logininfor` (
  `info_id` bigint(20) NOT NULL AUTO_INCREMENT COMMENT 'è®¿é—®ID',
  `login_name` varchar(50) DEFAULT '' COMMENT 'ç™»å½•è´¦å·',
  `ipaddr` varchar(50) DEFAULT '' COMMENT 'ç™»å½•IPåœ°å€',
  `login_location` varchar(255) DEFAULT '' COMMENT 'ç™»å½•åœ°ç‚¹',
  `browser` varchar(50) DEFAULT '' COMMENT 'æµè§ˆå™¨ç±»å‹',
  `os` varchar(50) DEFAULT '' COMMENT 'æ“ä½œç³»ç»Ÿ',
  `status` char(1) DEFAULT '0' COMMENT 'ç™»å½•çŠ¶æ€ï¼ˆ0æˆåŠŸ 1å¤±è´¥ï¼‰',
  `msg` varchar(255) DEFAULT '' COMMENT 'æç¤ºæ¶ˆæ¯',
  `login_time` datetime DEFAULT NULL COMMENT 'è®¿é—®æ—¶é—´',
  PRIMARY KEY (`info_id`)
) ENGINE=InnoDB AUTO_INCREMENT=185 DEFAULT CHARSET=utf8 COMMENT='ç³»ç»Ÿè®¿é—®è®°å½•';

/*Data for the table `sys_logininfor` */

insert  into `sys_logininfor`(`info_id`,`login_name`,`ipaddr`,`login_location`,`browser`,`os`,`status`,`msg`,`login_time`) values (100,'admin','127.0.0.1','å†…ç½‘IP','Chrome 8','Windows 10','0','ç™»å½•æˆåŠŸ','2021-01-05 02:41:36'),(101,'admin','127.0.0.1','å†…ç½‘IP','Chrome 8','Windows 10','0','ç™»å½•æˆåŠŸ','2021-01-05 03:00:23'),(102,'admin','127.0.0.1','å†…ç½‘IP','Chrome 8','Windows 10','0','ç™»å½•æˆåŠŸ','2021-01-05 03:18:11'),(103,'admin','127.0.0.1','å†…ç½‘IP','Chrome 8','Windows 10','0','ç™»å½•æˆåŠŸ','2021-01-05 03:19:20'),(104,'admin','127.0.0.1','å†…ç½‘IP','Chrome 8','Windows 10','0','ç™»å½•æˆåŠŸ','2021-01-05 03:20:07'),(105,'admin','127.0.0.1','å†…ç½‘IP','Chrome 8','Windows 10','0','ç™»å½•æˆåŠŸ','2021-01-05 03:21:04'),(106,'admin','127.0.0.1','å†…ç½‘IP','Chrome 8','Windows 10','0','ç™»å½•æˆåŠŸ','2021-01-05 03:21:32'),(107,'admin','127.0.0.1','å†…ç½‘IP','Chrome 8','Windows 10','0','ç™»å½•æˆåŠŸ','2021-01-11 15:40:38'),(108,'admin','127.0.0.1','å†…ç½‘IP','Chrome 8','Windows 10','0','ç™»å½•æˆåŠŸ','2021-02-14 16:21:03'),(109,'admin','127.0.0.1','å†…ç½‘IP','Chrome 8','Windows 10','0','ç™»å½•æˆåŠŸ','2021-02-14 18:42:07'),(110,'admin','127.0.0.1','å†…ç½‘IP','Chrome 8','Windows 10','0','ç™»å½•æˆåŠŸ','2021-02-14 22:10:00'),(111,'admin','127.0.0.1','å†…ç½‘IP','Chrome 8','Windows 10','0','ç™»å½•æˆåŠŸ','2021-02-14 22:13:51'),(112,'admin','127.0.0.1','å†…ç½‘IP','Chrome 8','Windows 10','0','é€€å‡ºæˆåŠŸ','2021-02-14 22:15:43'),(113,'admin','127.0.0.1','å†…ç½‘IP','Chrome 8','Windows 10','0','ç™»å½•æˆåŠŸ','2021-02-14 22:15:45'),(114,'admin','127.0.0.1','å†…ç½‘IP','Chrome 8','Windows 10','0','ç™»å½•æˆåŠŸ','2021-02-14 23:01:14'),(115,'admin','127.0.0.1','å†…ç½‘IP','Chrome 8','Windows 10','0','ç™»å½•æˆåŠŸ','2021-02-15 10:54:12'),(116,'admin','127.0.0.1','å†…ç½‘IP','Chrome 8','Windows 10','0','ç™»å½•æˆåŠŸ','2021-02-15 21:04:31'),(117,'admin','127.0.0.1','å†…ç½‘IP','Chrome 8','Windows 10','0','ç™»å½•æˆåŠŸ','2021-02-15 21:10:02'),(118,'admin','127.0.0.1','å†…ç½‘IP','Chrome 8','Windows 10','0','ç™»å½•æˆåŠŸ','2021-02-15 21:39:09'),(119,'admin','127.0.0.1','å†…ç½‘IP','Chrome 8','Windows 10','0','ç™»å½•æˆåŠŸ','2021-02-15 21:43:35'),(120,'admin','127.0.0.1','å†…ç½‘IP','Chrome 8','Windows 10','0','ç™»å½•æˆåŠŸ','2021-02-15 21:46:34'),(121,'admin','127.0.0.1','å†…ç½‘IP','Chrome 8','Windows 10','0','ç™»å½•æˆåŠŸ','2021-02-15 21:48:00'),(122,'admin','127.0.0.1','å†…ç½‘IP','Chrome 8','Windows 10','0','ç™»å½•æˆåŠŸ','2021-02-15 21:50:57'),(123,'admin','127.0.0.1','å†…ç½‘IP','Chrome 8','Windows 10','0','ç™»å½•æˆåŠŸ','2021-02-15 22:13:21'),(124,'admin','127.0.0.1','å†…ç½‘IP','Chrome 8','Windows 10','0','ç™»å½•æˆåŠŸ','2021-02-15 22:14:08'),(125,'admin','127.0.0.1','å†…ç½‘IP','Chrome 8','Windows 10','0','ç™»å½•æˆåŠŸ','2021-02-15 23:28:11'),(126,'admin','127.0.0.1','å†…ç½‘IP','Chrome 8','Windows 10','0','ç™»å½•æˆåŠŸ','2021-02-16 21:49:24'),(127,'admin','127.0.0.1','å†…ç½‘IP','Chrome 8','Windows 10','0','ç™»å½•æˆåŠŸ','2021-02-16 22:31:25'),(128,'admin','127.0.0.1','å†…ç½‘IP','Chrome 8','Windows 10','0','ç™»å½•æˆåŠŸ','2021-02-16 22:35:10'),(129,'admin','127.0.0.1','å†…ç½‘IP','Chrome 8','Windows 10','0','ç™»å½•æˆåŠŸ','2021-02-16 22:41:01'),(130,'admin','127.0.0.1','å†…ç½‘IP','Chrome 8','Windows 10','0','ç™»å½•æˆåŠŸ','2021-02-16 22:42:05'),(131,'admin','127.0.0.1','å†…ç½‘IP','Chrome 8','Windows 10','0','ç™»å½•æˆåŠŸ','2021-02-16 22:44:28'),(132,'admin','127.0.0.1','å†…ç½‘IP','Chrome 8','Windows 10','0','ç™»å½•æˆåŠŸ','2021-02-16 22:55:47'),(133,'admin','127.0.0.1','å†…ç½‘IP','Chrome 8','Windows 10','0','ç™»å½•æˆåŠŸ','2021-02-16 23:16:52'),(134,'admin','127.0.0.1','å†…ç½‘IP','Chrome 8','Windows 10','0','ç™»å½•æˆåŠŸ','2021-02-16 23:36:45'),(135,'admin','127.0.0.1','å†…ç½‘IP','Chrome 8','Windows 10','0','ç™»å½•æˆåŠŸ','2021-02-16 23:50:10'),(136,'admin','127.0.0.1','å†…ç½‘IP','Chrome 8','Windows 10','0','ç™»å½•æˆåŠŸ','2021-02-16 23:52:17'),(137,'admin','127.0.0.1','å†…ç½‘IP','Chrome 8','Windows 10','0','ç™»å½•æˆåŠŸ','2021-02-16 23:52:57'),(138,'admin','127.0.0.1','å†…ç½‘IP','Chrome 8','Windows 10','0','ç™»å½•æˆåŠŸ','2021-02-16 23:53:23'),(139,'admin','127.0.0.1','å†…ç½‘IP','Chrome 8','Windows 10','0','ç™»å½•æˆåŠŸ','2021-02-16 23:56:43'),(140,'admin','127.0.0.1','å†…ç½‘IP','Chrome 8','Windows 10','0','ç™»å½•æˆåŠŸ','2021-02-17 13:23:34'),(141,'admin','127.0.0.1','å†…ç½‘IP','Chrome 8','Windows 10','0','ç™»å½•æˆåŠŸ','2021-02-17 14:06:11'),(142,'admin','127.0.0.1','å†…ç½‘IP','Chrome 8','Windows 10','0','é€€å‡ºæˆåŠŸ','2021-02-17 14:07:45'),(143,'admin','127.0.0.1','å†…ç½‘IP','Chrome 8','Windows 10','0','ç™»å½•æˆåŠŸ','2021-02-17 21:17:22'),(144,'admin','127.0.0.1','å†…ç½‘IP','Chrome 8','Windows 10','0','ç™»å½•æˆåŠŸ','2021-02-17 21:37:07'),(145,'admin','127.0.0.1','å†…ç½‘IP','Chrome 8','Windows 10','0','ç™»å½•æˆåŠŸ','2021-02-17 22:29:59'),(146,'ry','127.0.0.1','å†…ç½‘IP','Chrome 8','Windows 10','0','ç™»å½•æˆåŠŸ','2021-02-17 23:47:39'),(147,'admin','127.0.0.1','å†…ç½‘IP','Chrome 8','Windows 10','0','ç™»å½•æˆåŠŸ','2021-02-21 14:06:21'),(148,'admin','127.0.0.1','å†…ç½‘IP','Chrome 8','Windows 10','0','ç™»å½•æˆåŠŸ','2021-02-21 15:30:08'),(149,'stu','127.0.0.1','å†…ç½‘IP','Chrome 8','Windows 10','0','ç™»å½•æˆåŠŸ','2021-02-21 15:50:42'),(150,'stu','127.0.0.1','å†…ç½‘IP','Chrome 8','Windows 10','0','ç™»å½•æˆåŠŸ','2021-02-21 15:51:04'),(151,'stu','127.0.0.1','å†…ç½‘IP','Chrome 8','Windows 10','0','ç™»å½•æˆåŠŸ','2021-02-21 15:53:19'),(152,'admin','127.0.0.1','å†…ç½‘IP','Chrome 8','Windows 10','0','ç™»å½•æˆåŠŸ','2021-02-21 15:55:13'),(153,'stu','127.0.0.1','å†…ç½‘IP','Chrome 8','Windows 10','0','ç™»å½•æˆåŠŸ','2021-02-21 15:55:20'),(154,'stu','127.0.0.1','å†…ç½‘IP','Chrome 8','Windows 10','0','ç™»å½•æˆåŠŸ','2021-02-21 15:56:01'),(155,'stu','127.0.0.1','å†…ç½‘IP','Chrome 8','Windows 10','0','ç™»å½•æˆåŠŸ','2021-02-21 15:56:13'),(156,'stu','127.0.0.1','å†…ç½‘IP','Chrome 8','Windows 10','0','ç™»å½•æˆåŠŸ','2021-02-21 15:56:43'),(157,'stu','127.0.0.1','å†…ç½‘IP','Chrome 8','Windows 10','0','ç™»å½•æˆåŠŸ','2021-02-21 15:57:24'),(158,'stu','127.0.0.1','å†…ç½‘IP','Chrome 8','Windows 10','0','ç™»å½•æˆåŠŸ','2021-02-21 15:57:44'),(159,'stu','127.0.0.1','å†…ç½‘IP','Chrome 8','Windows 10','0','ç™»å½•æˆåŠŸ','2021-02-21 15:58:47'),(160,'stu','127.0.0.1','å†…ç½‘IP','Chrome 8','Windows 10','0','ç™»å½•æˆåŠŸ','2021-02-21 16:02:09'),(161,'admin','127.0.0.1','å†…ç½‘IP','Chrome 8','Windows 10','0','ç™»å½•æˆåŠŸ','2021-02-21 16:02:19'),(162,'stu','127.0.0.1','å†…ç½‘IP','Chrome 8','Windows 10','0','ç™»å½•æˆåŠŸ','2021-02-21 16:02:36'),(163,'stu','127.0.0.1','å†…ç½‘IP','Chrome 8','Windows 10','0','ç™»å½•æˆåŠŸ','2021-02-21 16:02:51'),(164,'stu','127.0.0.1','å†…ç½‘IP','Chrome 8','Windows 10','0','ç™»å½•æˆåŠŸ','2021-02-21 16:03:27'),(165,'stu','127.0.0.1','å†…ç½‘IP','Chrome 8','Windows 10','0','ç™»å½•æˆåŠŸ','2021-02-21 16:04:30'),(166,'stu','127.0.0.1','å†…ç½‘IP','Chrome 8','Windows 10','0','ç™»å½•æˆåŠŸ','2021-02-21 16:05:39'),(167,'stu','127.0.0.1','å†…ç½‘IP','Chrome 8','Windows 10','0','ç™»å½•æˆåŠŸ','2021-02-21 16:07:44'),(168,'admin','127.0.0.1','å†…ç½‘IP','Chrome 8','Windows 10','0','ç™»å½•æˆåŠŸ','2021-02-21 16:07:55'),(169,'stu','127.0.0.1','å†…ç½‘IP','Chrome 8','Windows 10','0','ç™»å½•æˆåŠŸ','2021-02-21 16:08:59'),(170,'stu','127.0.0.1','å†…ç½‘IP','Chrome 8','Windows 10','0','ç™»å½•æˆåŠŸ','2021-02-21 16:19:25'),(171,'stu','127.0.0.1','å†…ç½‘IP','Chrome 8','Windows 10','0','ç™»å½•æˆåŠŸ','2021-02-21 16:21:40'),(172,'stu','127.0.0.1','å†…ç½‘IP','Chrome 8','Windows 10','0','ç™»å½•æˆåŠŸ','2021-02-21 16:24:08'),(173,'stu','127.0.0.1','å†…ç½‘IP','Chrome 8','Windows 10','0','ç™»å½•æˆåŠŸ','2021-02-21 16:25:47'),(174,'stu','127.0.0.1','å†…ç½‘IP','Chrome 8','Windows 10','0','ç™»å½•æˆåŠŸ','2021-02-21 16:26:43'),(175,'admin','127.0.0.1','å†…ç½‘IP','Chrome 8','Windows 10','0','ç™»å½•æˆåŠŸ','2021-02-21 17:14:17'),(176,'admin','127.0.0.1','å†…ç½‘IP','Chrome 8','Windows 10','0','ç™»å½•æˆåŠŸ','2021-02-21 19:39:18'),(177,'admin','127.0.0.1','å†…ç½‘IP','Chrome 8','Windows 10','0','ç™»å½•æˆåŠŸ','2021-02-21 21:52:26'),(178,'admin','127.0.0.1','å†…ç½‘IP','Chrome 8','Windows 10','0','ç™»å½•æˆåŠŸ','2021-02-21 22:51:41'),(179,'admin','127.0.0.1','å†…ç½‘IP','Chrome 8','Windows 10','0','ç™»å½•æˆåŠŸ','2021-02-21 23:19:36'),(180,'admin','127.0.0.1','å†…ç½‘IP','Chrome 8','Windows 10','0','ç™»å½•æˆåŠŸ','2021-02-21 23:22:29'),(181,'admin','127.0.0.1','å†…ç½‘IP','Chrome 8','Windows 10','1','éªŒè¯ç é”™è¯¯','2021-02-22 00:29:59'),(182,'admin','127.0.0.1','å†…ç½‘IP','Chrome 8','Windows 10','0','ç™»å½•æˆåŠŸ','2021-02-22 00:30:02'),(183,'admin','127.0.0.1','å†…ç½‘IP','Chrome 8','Windows 10','1','éªŒè¯ç é”™è¯¯','2021-02-22 00:32:55'),(184,'admin','127.0.0.1','å†…ç½‘IP','Chrome 8','Windows 10','0','ç™»å½•æˆåŠŸ','2021-02-22 00:32:57');

/*Table structure for table `sys_menu` */

DROP TABLE IF EXISTS `sys_menu`;

CREATE TABLE `sys_menu` (
  `menu_id` bigint(20) NOT NULL AUTO_INCREMENT COMMENT 'èœå•ID',
  `menu_name` varchar(50) NOT NULL COMMENT 'èœå•åç§°',
  `parent_id` bigint(20) DEFAULT '0' COMMENT 'çˆ¶èœå•ID',
  `order_num` int(4) DEFAULT '0' COMMENT 'æ˜¾ç¤ºé¡ºåº',
  `url` varchar(200) DEFAULT '#' COMMENT 'è¯·æ±‚åœ°å€',
  `target` varchar(20) DEFAULT '' COMMENT 'æ‰“å¼€æ–¹å¼ï¼ˆmenuItemé¡µç­¾ menuBlankæ–°çª—å£ï¼‰',
  `menu_type` char(1) DEFAULT '' COMMENT 'èœå•ç±»å‹ï¼ˆMç›®å½• Cèœå• FæŒ‰é’®ï¼‰',
  `visible` char(1) DEFAULT '0' COMMENT 'èœå•çŠ¶æ€ï¼ˆ0æ˜¾ç¤º 1éšè—ï¼‰',
  `perms` varchar(100) DEFAULT NULL COMMENT 'æƒé™æ ‡è¯†',
  `icon` varchar(100) DEFAULT '#' COMMENT 'èœå•å›¾æ ‡',
  `create_by` varchar(64) DEFAULT '' COMMENT 'åˆ›å»ºè€…',
  `create_time` datetime DEFAULT NULL COMMENT 'åˆ›å»ºæ—¶é—´',
  `update_by` varchar(64) DEFAULT '' COMMENT 'æ›´æ–°è€…',
  `update_time` datetime DEFAULT NULL COMMENT 'æ›´æ–°æ—¶é—´',
  `remark` varchar(500) DEFAULT '' COMMENT 'å¤‡æ³¨',
  PRIMARY KEY (`menu_id`)
) ENGINE=InnoDB AUTO_INCREMENT=2012 DEFAULT CHARSET=utf8 COMMENT='èœå•æƒé™è¡¨';

/*Data for the table `sys_menu` */

insert  into `sys_menu`(`menu_id`,`menu_name`,`parent_id`,`order_num`,`url`,`target`,`menu_type`,`visible`,`perms`,`icon`,`create_by`,`create_time`,`update_by`,`update_time`,`remark`) values (1,'ç³»ç»Ÿç®¡ç†',0,1,'#','','M','0','','fa fa-gear','admin','2021-01-05 02:39:35','',NULL,'ç³»ç»Ÿç®¡ç†ç›®å½•'),(2,'ç³»ç»Ÿç›‘æ§',0,2,'#','','M','0','','fa fa-video-camera','admin','2021-01-05 02:39:35','',NULL,'ç³»ç»Ÿç›‘æ§ç›®å½•'),(3,'ç³»ç»Ÿå·¥å…·',0,3,'#','','M','0','','fa fa-bars','admin','2021-01-05 02:39:35','',NULL,'ç³»ç»Ÿå·¥å…·ç›®å½•'),(4,'è‹¥ä¾å®˜ç½‘',0,4,'http://equipment.vip','menuBlank','C','0','','fa fa-location-arrow','admin','2021-01-05 02:39:35','',NULL,'è‹¥ä¾å®˜ç½‘åœ°å€'),(100,'ç”¨æˆ·ç®¡ç†',1,1,'/system/user','','C','0','system:user:view','fa fa-user-o','admin','2021-01-05 02:39:35','',NULL,'ç”¨æˆ·ç®¡ç†èœå•'),(101,'è§’è‰²ç®¡ç†',1,2,'/system/role','','C','0','system:role:view','fa fa-user-secret','admin','2021-01-05 02:39:35','',NULL,'è§’è‰²ç®¡ç†èœå•'),(102,'èœå•ç®¡ç†',1,3,'/system/menu','','C','0','system:menu:view','fa fa-th-list','admin','2021-01-05 02:39:35','',NULL,'èœå•ç®¡ç†èœå•'),(103,'éƒ¨é—¨ç®¡ç†',1,4,'/system/dept','menuItem','C','1','system:dept:view','fa fa-outdent','admin','2021-01-05 02:39:35','admin','2021-02-17 21:19:38','éƒ¨é—¨ç®¡ç†èœå•'),(104,'å²—ä½ç®¡ç†',1,5,'/system/post','menuItem','C','1','system:post:view','fa fa-address-card-o','admin','2021-01-05 02:39:35','admin','2021-02-17 21:20:27','å²—ä½ç®¡ç†èœå•'),(105,'å­—å…¸ç®¡ç†',1,6,'/system/dict','','C','0','system:dict:view','fa fa-bookmark-o','admin','2021-01-05 02:39:35','',NULL,'å­—å…¸ç®¡ç†èœå•'),(106,'å‚æ•°è®¾ç½®',1,7,'/system/config','','C','0','system:config:view','fa fa-sun-o','admin','2021-01-05 02:39:35','',NULL,'å‚æ•°è®¾ç½®èœå•'),(107,'é€šçŸ¥å…¬å‘Š',1,8,'/system/notice','','C','0','system:notice:view','fa fa-bullhorn','admin','2021-01-05 02:39:35','',NULL,'é€šçŸ¥å…¬å‘Šèœå•'),(108,'æ—¥å¿—ç®¡ç†',1,9,'#','','M','0','','fa fa-pencil-square-o','admin','2021-01-05 02:39:35','',NULL,'æ—¥å¿—ç®¡ç†èœå•'),(109,'åœ¨çº¿ç”¨æˆ·',2,1,'/monitor/online','','C','0','monitor:online:view','fa fa-user-circle','admin','2021-01-05 02:39:35','',NULL,'åœ¨çº¿ç”¨æˆ·èœå•'),(110,'å®šæ—¶ä»»åŠ¡',2,2,'/monitor/job','','C','0','monitor:job:view','fa fa-tasks','admin','2021-01-05 02:39:35','',NULL,'å®šæ—¶ä»»åŠ¡èœå•'),(111,'æ•°æ®ç›‘æ§',2,3,'/monitor/data','','C','0','monitor:data:view','fa fa-bug','admin','2021-01-05 02:39:35','',NULL,'æ•°æ®ç›‘æ§èœå•'),(112,'æœåŠ¡ç›‘æ§',2,4,'/monitor/server','','C','0','monitor:server:view','fa fa-server','admin','2021-01-05 02:39:35','',NULL,'æœåŠ¡ç›‘æ§èœå•'),(113,'ç¼“å­˜ç›‘æ§',2,5,'/monitor/cache','','C','0','monitor:cache:view','fa fa-cube','admin','2021-01-05 02:39:35','',NULL,'ç¼“å­˜ç›‘æ§èœå•'),(114,'è¡¨å•æ„å»º',3,1,'/tool/build','','C','0','tool:build:view','fa fa-wpforms','admin','2021-01-05 02:39:36','',NULL,'è¡¨å•æ„å»ºèœå•'),(115,'ä»£ç ç”Ÿæˆ',3,2,'/tool/gen','','C','0','tool:gen:view','fa fa-code','admin','2021-01-05 02:39:36','',NULL,'ä»£ç ç”Ÿæˆèœå•'),(116,'ç³»ç»Ÿæ¥å£',3,3,'/tool/swagger','','C','0','tool:swagger:view','fa fa-gg','admin','2021-01-05 02:39:36','',NULL,'ç³»ç»Ÿæ¥å£èœå•'),(500,'æ“ä½œæ—¥å¿—',108,1,'/monitor/operlog','','C','0','monitor:operlog:view','fa fa-address-book','admin','2021-01-05 02:39:36','',NULL,'æ“ä½œæ—¥å¿—èœå•'),(501,'ç™»å½•æ—¥å¿—',108,2,'/monitor/logininfor','','C','0','monitor:logininfor:view','fa fa-file-image-o','admin','2021-01-05 02:39:36','',NULL,'ç™»å½•æ—¥å¿—èœå•'),(1000,'ç”¨æˆ·æŸ¥è¯¢',100,1,'#','','F','0','system:user:list','#','admin','2021-01-05 02:39:36','',NULL,''),(1001,'ç”¨æˆ·æ–°å¢',100,2,'#','','F','0','system:user:add','#','admin','2021-01-05 02:39:36','',NULL,''),(1002,'ç”¨æˆ·ä¿®æ”¹',100,3,'#','','F','0','system:user:edit','#','admin','2021-01-05 02:39:36','',NULL,''),(1003,'ç”¨æˆ·åˆ é™¤',100,4,'#','','F','0','system:user:remove','#','admin','2021-01-05 02:39:36','',NULL,''),(1004,'ç”¨æˆ·å¯¼å‡º',100,5,'#','','F','0','system:user:export','#','admin','2021-01-05 02:39:36','',NULL,''),(1005,'ç”¨æˆ·å¯¼å…¥',100,6,'#','','F','0','system:user:import','#','admin','2021-01-05 02:39:36','',NULL,''),(1006,'é‡ç½®å¯†ç ',100,7,'#','','F','0','system:user:resetPwd','#','admin','2021-01-05 02:39:36','',NULL,''),(1007,'è§’è‰²æŸ¥è¯¢',101,1,'#','','F','0','system:role:list','#','admin','2021-01-05 02:39:36','',NULL,''),(1008,'è§’è‰²æ–°å¢',101,2,'#','','F','0','system:role:add','#','admin','2021-01-05 02:39:36','',NULL,''),(1009,'è§’è‰²ä¿®æ”¹',101,3,'#','','F','0','system:role:edit','#','admin','2021-01-05 02:39:36','',NULL,''),(1010,'è§’è‰²åˆ é™¤',101,4,'#','','F','0','system:role:remove','#','admin','2021-01-05 02:39:36','',NULL,''),(1011,'è§’è‰²å¯¼å‡º',101,5,'#','','F','0','system:role:export','#','admin','2021-01-05 02:39:36','',NULL,''),(1012,'èœå•æŸ¥è¯¢',102,1,'#','','F','0','system:menu:list','#','admin','2021-01-05 02:39:36','',NULL,''),(1013,'èœå•æ–°å¢',102,2,'#','','F','0','system:menu:add','#','admin','2021-01-05 02:39:36','',NULL,''),(1014,'èœå•ä¿®æ”¹',102,3,'#','','F','0','system:menu:edit','#','admin','2021-01-05 02:39:37','',NULL,''),(1015,'èœå•åˆ é™¤',102,4,'#','','F','0','system:menu:remove','#','admin','2021-01-05 02:39:37','',NULL,''),(1016,'éƒ¨é—¨æŸ¥è¯¢',103,1,'#','','F','0','system:dept:list','#','admin','2021-01-05 02:39:37','',NULL,''),(1017,'éƒ¨é—¨æ–°å¢',103,2,'#','','F','0','system:dept:add','#','admin','2021-01-05 02:39:37','',NULL,''),(1018,'éƒ¨é—¨ä¿®æ”¹',103,3,'#','','F','0','system:dept:edit','#','admin','2021-01-05 02:39:37','',NULL,''),(1019,'éƒ¨é—¨åˆ é™¤',103,4,'#','','F','0','system:dept:remove','#','admin','2021-01-05 02:39:37','',NULL,''),(1020,'å²—ä½æŸ¥è¯¢',104,1,'#','','F','0','system:post:list','#','admin','2021-01-05 02:39:37','',NULL,''),(1021,'å²—ä½æ–°å¢',104,2,'#','','F','0','system:post:add','#','admin','2021-01-05 02:39:37','',NULL,''),(1022,'å²—ä½ä¿®æ”¹',104,3,'#','','F','0','system:post:edit','#','admin','2021-01-05 02:39:37','',NULL,''),(1023,'å²—ä½åˆ é™¤',104,4,'#','','F','0','system:post:remove','#','admin','2021-01-05 02:39:37','',NULL,''),(1024,'å²—ä½å¯¼å‡º',104,5,'#','','F','0','system:post:export','#','admin','2021-01-05 02:39:37','',NULL,''),(1025,'å­—å…¸æŸ¥è¯¢',105,1,'#','','F','0','system:dict:list','#','admin','2021-01-05 02:39:37','',NULL,''),(1026,'å­—å…¸æ–°å¢',105,2,'#','','F','0','system:dict:add','#','admin','2021-01-05 02:39:37','',NULL,''),(1027,'å­—å…¸ä¿®æ”¹',105,3,'#','','F','0','system:dict:edit','#','admin','2021-01-05 02:39:37','',NULL,''),(1028,'å­—å…¸åˆ é™¤',105,4,'#','','F','0','system:dict:remove','#','admin','2021-01-05 02:39:37','',NULL,''),(1029,'å­—å…¸å¯¼å‡º',105,5,'#','','F','0','system:dict:export','#','admin','2021-01-05 02:39:37','',NULL,''),(1030,'å‚æ•°æŸ¥è¯¢',106,1,'#','','F','0','system:config:list','#','admin','2021-01-05 02:39:37','',NULL,''),(1031,'å‚æ•°æ–°å¢',106,2,'#','','F','0','system:config:add','#','admin','2021-01-05 02:39:37','',NULL,''),(1032,'å‚æ•°ä¿®æ”¹',106,3,'#','','F','0','system:config:edit','#','admin','2021-01-05 02:39:37','',NULL,''),(1033,'å‚æ•°åˆ é™¤',106,4,'#','','F','0','system:config:remove','#','admin','2021-01-05 02:39:37','',NULL,''),(1034,'å‚æ•°å¯¼å‡º',106,5,'#','','F','0','system:config:export','#','admin','2021-01-05 02:39:37','',NULL,''),(1035,'å…¬å‘ŠæŸ¥è¯¢',107,1,'#','','F','0','system:notice:list','#','admin','2021-01-05 02:39:38','',NULL,''),(1036,'å…¬å‘Šæ–°å¢',107,2,'#','','F','0','system:notice:add','#','admin','2021-01-05 02:39:38','',NULL,''),(1037,'å…¬å‘Šä¿®æ”¹',107,3,'#','','F','0','system:notice:edit','#','admin','2021-01-05 02:39:38','',NULL,''),(1038,'å…¬å‘Šåˆ é™¤',107,4,'#','','F','0','system:notice:remove','#','admin','2021-01-05 02:39:38','',NULL,''),(1039,'æ“ä½œæŸ¥è¯¢',500,1,'#','','F','0','monitor:operlog:list','#','admin','2021-01-05 02:39:38','',NULL,''),(1040,'æ“ä½œåˆ é™¤',500,2,'#','','F','0','monitor:operlog:remove','#','admin','2021-01-05 02:39:38','',NULL,''),(1041,'è¯¦ç»†ä¿¡æ¯',500,3,'#','','F','0','monitor:operlog:detail','#','admin','2021-01-05 02:39:38','',NULL,''),(1042,'æ—¥å¿—å¯¼å‡º',500,4,'#','','F','0','monitor:operlog:export','#','admin','2021-01-05 02:39:38','',NULL,''),(1043,'ç™»å½•æŸ¥è¯¢',501,1,'#','','F','0','monitor:logininfor:list','#','admin','2021-01-05 02:39:38','',NULL,''),(1044,'ç™»å½•åˆ é™¤',501,2,'#','','F','0','monitor:logininfor:remove','#','admin','2021-01-05 02:39:38','',NULL,''),(1045,'æ—¥å¿—å¯¼å‡º',501,3,'#','','F','0','monitor:logininfor:export','#','admin','2021-01-05 02:39:38','',NULL,''),(1046,'è´¦æˆ·è§£é”',501,4,'#','','F','0','monitor:logininfor:unlock','#','admin','2021-01-05 02:39:38','',NULL,''),(1047,'åœ¨çº¿æŸ¥è¯¢',109,1,'#','','F','0','monitor:online:list','#','admin','2021-01-05 02:39:38','',NULL,''),(1048,'æ‰¹é‡å¼ºé€€',109,2,'#','','F','0','monitor:online:batchForceLogout','#','admin','2021-01-05 02:39:38','',NULL,''),(1049,'å•æ¡å¼ºé€€',109,3,'#','','F','0','monitor:online:forceLogout','#','admin','2021-01-05 02:39:38','',NULL,''),(1050,'ä»»åŠ¡æŸ¥è¯¢',110,1,'#','','F','0','monitor:job:list','#','admin','2021-01-05 02:39:38','',NULL,''),(1051,'ä»»åŠ¡æ–°å¢',110,2,'#','','F','0','monitor:job:add','#','admin','2021-01-05 02:39:38','',NULL,''),(1052,'ä»»åŠ¡ä¿®æ”¹',110,3,'#','','F','0','monitor:job:edit','#','admin','2021-01-05 02:39:38','',NULL,''),(1053,'ä»»åŠ¡åˆ é™¤',110,4,'#','','F','0','monitor:job:remove','#','admin','2021-01-05 02:39:39','',NULL,''),(1054,'çŠ¶æ€ä¿®æ”¹',110,5,'#','','F','0','monitor:job:changeStatus','#','admin','2021-01-05 02:39:39','',NULL,''),(1055,'ä»»åŠ¡è¯¦ç»†',110,6,'#','','F','0','monitor:job:detail','#','admin','2021-01-05 02:39:39','',NULL,''),(1056,'ä»»åŠ¡å¯¼å‡º',110,7,'#','','F','0','monitor:job:export','#','admin','2021-01-05 02:39:39','',NULL,''),(1057,'ç”ŸæˆæŸ¥è¯¢',115,1,'#','','F','0','tool:gen:list','#','admin','2021-01-05 02:39:39','',NULL,''),(1058,'ç”Ÿæˆä¿®æ”¹',115,2,'#','','F','0','tool:gen:edit','#','admin','2021-01-05 02:39:39','',NULL,''),(1059,'ç”Ÿæˆåˆ é™¤',115,3,'#','','F','0','tool:gen:remove','#','admin','2021-01-05 02:39:39','',NULL,''),(1060,'é¢„è§ˆä»£ç ',115,4,'#','','F','0','tool:gen:preview','#','admin','2021-01-05 02:39:39','',NULL,''),(1061,'ç”Ÿæˆä»£ç ',115,5,'#','','F','0','tool:gen:code','#','admin','2021-01-05 02:39:39','',NULL,''),(2000,'è®¾å¤‡ç®¡ç†',3,1,'/system/equipment','','C','0','system:equipment:view','#','admin','2021-01-05 02:58:00','',NULL,'è®¾å¤‡ç®¡ç†èœå•'),(2001,'è®¾å¤‡ç®¡ç†æŸ¥è¯¢',2000,1,'#','','F','0','system:equipment:list','#','admin','2021-01-05 02:58:00','',NULL,''),(2002,'è®¾å¤‡ç®¡ç†æ–°å¢',2000,2,'#','','F','0','system:equipment:add','#','admin','2021-01-05 02:58:00','',NULL,''),(2003,'è®¾å¤‡ç®¡ç†ä¿®æ”¹',2000,3,'#','','F','0','system:equipment:edit','#','admin','2021-01-05 02:58:01','',NULL,''),(2004,'è®¾å¤‡ç®¡ç†åˆ é™¤',2000,4,'#','','F','0','system:equipment:remove','#','admin','2021-01-05 02:58:01','',NULL,''),(2005,'è®¾å¤‡ç®¡ç†å¯¼å‡º',2000,5,'#','','F','0','system:equipment:export','#','admin','2021-01-05 02:58:01','',NULL,''),(2006,'ç±»å‹ç®¡ç†',3,1,'/system/type','','C','0','system:type:view','#','admin','2021-01-05 03:00:03','',NULL,'ç±»å‹ç®¡ç†èœå•'),(2007,'ç±»å‹ç®¡ç†æŸ¥è¯¢',2006,1,'#','','F','0','system:type:list','#','admin','2021-01-05 03:00:03','',NULL,''),(2008,'ç±»å‹ç®¡ç†æ–°å¢',2006,2,'#','','F','0','system:type:add','#','admin','2021-01-05 03:00:03','',NULL,''),(2009,'ç±»å‹ç®¡ç†ä¿®æ”¹',2006,3,'#','','F','0','system:type:edit','#','admin','2021-01-05 03:00:03','',NULL,''),(2010,'ç±»å‹ç®¡ç†åˆ é™¤',2006,4,'#','','F','0','system:type:remove','#','admin','2021-01-05 03:00:03','',NULL,''),(2011,'ç±»å‹ç®¡ç†å¯¼å‡º',2006,5,'#','','F','0','system:type:export','#','admin','2021-01-05 03:00:03','',NULL,'');

/*Table structure for table `sys_notice` */

DROP TABLE IF EXISTS `sys_notice`;

CREATE TABLE `sys_notice` (
  `notice_id` int(4) NOT NULL AUTO_INCREMENT COMMENT 'å…¬å‘ŠID',
  `notice_title` varchar(50) NOT NULL COMMENT 'å…¬å‘Šæ ‡é¢˜',
  `notice_type` char(1) NOT NULL COMMENT 'å…¬å‘Šç±»å‹ï¼ˆ1é€šçŸ¥ 2å…¬å‘Šï¼‰',
  `notice_content` varchar(2000) DEFAULT NULL COMMENT 'å…¬å‘Šå†…å®¹',
  `status` char(1) DEFAULT '0' COMMENT 'å…¬å‘ŠçŠ¶æ€ï¼ˆ0æ­£å¸¸ 1å…³é—­ï¼‰',
  `create_by` varchar(64) DEFAULT '' COMMENT 'åˆ›å»ºè€…',
  `create_time` datetime DEFAULT NULL COMMENT 'åˆ›å»ºæ—¶é—´',
  `update_by` varchar(64) DEFAULT '' COMMENT 'æ›´æ–°è€…',
  `update_time` datetime DEFAULT NULL COMMENT 'æ›´æ–°æ—¶é—´',
  `remark` varchar(255) DEFAULT NULL COMMENT 'å¤‡æ³¨',
  PRIMARY KEY (`notice_id`)
) ENGINE=InnoDB AUTO_INCREMENT=10 DEFAULT CHARSET=utf8 COMMENT='é€šçŸ¥å…¬å‘Šè¡¨';

/*Data for the table `sys_notice` */

insert  into `sys_notice`(`notice_id`,`notice_title`,`notice_type`,`notice_content`,`status`,`create_by`,`create_time`,`update_by`,`update_time`,`remark`) values (1,'æ¸©é¦¨æé†’ï¼š2018-07-01 è‹¥ä¾æ–°ç‰ˆæœ¬å‘å¸ƒå•¦','2','æ–°ç‰ˆæœ¬å†…å®¹','0','admin','2021-01-05 02:40:06','',NULL,'ç®¡ç†å‘˜'),(2,'ç»´æŠ¤é€šçŸ¥ï¼š2018-07-01 è‹¥ä¾ç³»ç»Ÿå‡Œæ™¨ç»´æŠ¤','1','ç»´æŠ¤å†…å®¹','0','admin','2021-01-05 02:40:06','',NULL,'ç®¡ç†å‘˜');

/*Table structure for table `sys_oper_log` */

DROP TABLE IF EXISTS `sys_oper_log`;

CREATE TABLE `sys_oper_log` (
  `oper_id` bigint(20) NOT NULL AUTO_INCREMENT COMMENT 'æ—¥å¿—ä¸»é”®',
  `title` varchar(50) DEFAULT '' COMMENT 'æ¨¡å—æ ‡é¢˜',
  `business_type` int(2) DEFAULT '0' COMMENT 'ä¸šåŠ¡ç±»å‹ï¼ˆ0å…¶å®ƒ 1æ–°å¢ 2ä¿®æ”¹ 3åˆ é™¤ï¼‰',
  `method` varchar(100) DEFAULT '' COMMENT 'æ–¹æ³•åç§°',
  `request_method` varchar(10) DEFAULT '' COMMENT 'è¯·æ±‚æ–¹å¼',
  `operator_type` int(1) DEFAULT '0' COMMENT 'æ“ä½œç±»åˆ«ï¼ˆ0å…¶å®ƒ 1åå°ç”¨æˆ· 2æ‰‹æœºç«¯ç”¨æˆ·ï¼‰',
  `oper_name` varchar(50) DEFAULT '' COMMENT 'æ“ä½œäººå‘˜',
  `dept_name` varchar(50) DEFAULT '' COMMENT 'éƒ¨é—¨åç§°',
  `oper_url` varchar(255) DEFAULT '' COMMENT 'è¯·æ±‚URL',
  `oper_ip` varchar(50) DEFAULT '' COMMENT 'ä¸»æœºåœ°å€',
  `oper_location` varchar(255) DEFAULT '' COMMENT 'æ“ä½œåœ°ç‚¹',
  `oper_param` varchar(2000) DEFAULT '' COMMENT 'è¯·æ±‚å‚æ•°',
  `json_result` varchar(2000) DEFAULT '' COMMENT 'è¿”å›å‚æ•°',
  `status` int(1) DEFAULT '0' COMMENT 'æ“ä½œçŠ¶æ€ï¼ˆ0æ­£å¸¸ 1å¼‚å¸¸ï¼‰',
  `error_msg` varchar(2000) DEFAULT '' COMMENT 'é”™è¯¯æ¶ˆæ¯',
  `oper_time` datetime DEFAULT NULL COMMENT 'æ“ä½œæ—¶é—´',
  PRIMARY KEY (`oper_id`)
) ENGINE=InnoDB AUTO_INCREMENT=118 DEFAULT CHARSET=utf8 COMMENT='æ“ä½œæ—¥å¿—è®°å½•';

/*Data for the table `sys_oper_log` */

insert  into `sys_oper_log`(`oper_id`,`title`,`business_type`,`method`,`request_method`,`operator_type`,`oper_name`,`dept_name`,`oper_url`,`oper_ip`,`oper_location`,`oper_param`,`json_result`,`status`,`error_msg`,`oper_time`) values (100,'ä»£ç ç”Ÿæˆ',6,'com.equipment.generator.controller.GenController.importTableSave()','POST',1,'admin','ç ”å‘éƒ¨é—¨','/tool/gen/importTable','127.0.0.1','å†…ç½‘IP','{\"tables\":[\"equipment,equipment_type\"]}','{\r\n  \"msg\" : \"æ“ä½œæˆåŠŸ\",\r\n  \"code\" : 0\r\n}',0,NULL,'2021-01-05 02:55:32'),(101,'ä»£ç ç”Ÿæˆ',8,'com.equipment.generator.controller.GenController.download()','GET',1,'admin','ç ”å‘éƒ¨é—¨','/tool/gen/download/equipment','127.0.0.1','å†…ç½‘IP',NULL,'null',0,NULL,'2021-01-05 02:55:37'),(102,'ä»£ç ç”Ÿæˆ',8,'com.equipment.generator.controller.GenController.download()','GET',1,'admin','ç ”å‘éƒ¨é—¨','/tool/gen/download/equipment_type','127.0.0.1','å†…ç½‘IP',NULL,'null',0,NULL,'2021-01-05 02:55:42'),(103,'ç±»å‹ç®¡ç†',1,'com.equipment.web.controller.system.EquipmentTypeController.addSave()','POST',1,'admin','ç ”å‘éƒ¨é—¨','/system/type/add','127.0.0.1','å†…ç½‘IP','{\"typeName\":[\"æµ‹è¯•ç±»å‹åç§°\"]}','{\r\n  \"msg\" : \"æ“ä½œæˆåŠŸ\",\r\n  \"code\" : 0\r\n}',0,NULL,'2021-02-14 22:14:15'),(104,'ç±»å‹ç®¡ç†',2,'com.equipment.web.controller.system.EquipmentTypeController.editSave()','POST',1,'admin','ç ”å‘éƒ¨é—¨','/system/type/edit','127.0.0.1','å†…ç½‘IP','{\"id\":[\"1\"],\"typeName\":[\"æµ‹è¯•ç±»å‹åç§°111\"]}','{\r\n  \"msg\" : \"æ“ä½œæˆåŠŸ\",\r\n  \"code\" : 0\r\n}',0,NULL,'2021-02-14 22:14:33'),(105,'ç±»å‹ç®¡ç†',3,'com.equipment.web.controller.system.EquipmentTypeController.remove()','POST',1,'admin','ç ”å‘éƒ¨é—¨','/system/type/remove','127.0.0.1','å†…ç½‘IP','{\"ids\":[\"1\"]}','{\r\n  \"msg\" : \"æ“ä½œæˆåŠŸ\",\r\n  \"code\" : 0\r\n}',0,NULL,'2021-02-14 22:14:44'),(106,'ä¸ªäººä¿¡æ¯',2,'com.equipment.web.controller.system.SysProfileController.update()','POST',1,'admin','ç ”å‘éƒ¨é—¨','/system/user/profile/update','127.0.0.1','å†…ç½‘IP','{\"id\":[\"\"],\"userName\":[\"è¶…çº§ç®¡ç†å‘˜\"],\"phonenumber\":[\"15888888888\"],\"email\":[\"ry@163.com\"],\"sex\":[\"1\"]}','{\r\n  \"msg\" : \"æ“ä½œæˆåŠŸ\",\r\n  \"code\" : 0\r\n}',0,NULL,'2021-02-14 22:15:36'),(107,'ç±»å‹ç®¡ç†',1,'com.equipment.web.controller.system.EquipmentTypeController.addSave()','POST',1,'admin','ç ”å‘éƒ¨é—¨','/system/type/add','127.0.0.1','å†…ç½‘IP','{\"typeName\":[\"13123123\"]}','{\r\n  \"msg\" : \"æ“ä½œæˆåŠŸ\",\r\n  \"code\" : 0\r\n}',0,NULL,'2021-02-14 22:16:01'),(108,'ç±»å‹ç®¡ç†',3,'com.equipment.web.controller.system.EquipmentTypeController.remove()','POST',1,'admin','ç ”å‘éƒ¨é—¨','/system/type/remove','127.0.0.1','å†…ç½‘IP','{\"ids\":[\"2\"]}','{\r\n  \"msg\" : \"æ“ä½œæˆåŠŸ\",\r\n  \"code\" : 0\r\n}',0,NULL,'2021-02-15 21:51:26'),(109,'ç±»å‹ç®¡ç†',1,'com.equipment.web.controller.system.EquipmentTypeController.addSave()','POST',1,'admin','ç ”å‘éƒ¨é—¨','/system/type/add','127.0.0.1','å†…ç½‘IP','{\"typeName\":[\"ç±»å‹1å·\"]}','{\r\n  \"msg\" : \"æ“ä½œæˆåŠŸ\",\r\n  \"code\" : 0\r\n}',0,NULL,'2021-02-15 21:51:46'),(110,'ç±»å‹ç®¡ç†',1,'com.equipment.web.controller.system.EquipmentTypeController.addSave()','POST',1,'admin','ç ”å‘éƒ¨é—¨','/system/type/add','127.0.0.1','å†…ç½‘IP','{\"typeName\":[\"ç±»å‹2å·\"]}','{\r\n  \"msg\" : \"æ“ä½œæˆåŠŸ\",\r\n  \"code\" : 0\r\n}',0,NULL,'2021-02-15 21:51:54'),(111,'è®¾å¤‡ç®¡ç†',1,'com.equipment.web.controller.system.EquipmentController.addSave()','POST',1,'admin','ç ”å‘éƒ¨é—¨','/system/equipment/add','127.0.0.1','å†…ç½‘IP','{\"typeName\":[\"3\"],\"modelNum\":[\"ç¥å·7å·\"],\"quantity\":[\"10\"]}','{\r\n  \"msg\" : \"æ“ä½œæˆåŠŸ\",\r\n  \"code\" : 0\r\n}',0,NULL,'2021-02-15 21:55:38'),(112,'è®¾å¤‡ç®¡ç†',3,'com.equipment.web.controller.system.EquipmentController.remove()','POST',1,'admin','ç ”å‘éƒ¨é—¨','/system/equipment/remove','127.0.0.1','å†…ç½‘IP','{\"ids\":[\"1\"]}','{\r\n  \"msg\" : \"æ“ä½œæˆåŠŸ\",\r\n  \"code\" : 0\r\n}',0,NULL,'2021-02-15 21:58:05'),(113,'è®¾å¤‡ç®¡ç†',1,'com.equipment.web.controller.system.EquipmentController.addSave()','POST',1,'admin','ç ”å‘éƒ¨é—¨','/system/equipment/add','127.0.0.1','å†…ç½‘IP','{\"typeId\":[\"4\"],\"typeName\":[\"4\"],\"modelNum\":[\"34234\"],\"quantity\":[\"1231212\"]}','{\r\n  \"msg\" : \"æ“ä½œæˆåŠŸ\",\r\n  \"code\" : 0\r\n}',0,NULL,'2021-02-15 22:14:26'),(114,'èœå•ç®¡ç†',2,'com.equipment.web.controller.system.SysMenuController.editSave()','POST',1,'admin','ç ”å‘éƒ¨é—¨','/system/menu/edit','127.0.0.1','å†…ç½‘IP','{\"menuId\":[\"103\"],\"parentId\":[\"1\"],\"menuType\":[\"C\"],\"menuName\":[\"éƒ¨é—¨ç®¡ç†\"],\"url\":[\"/system/dept\"],\"target\":[\"menuItem\"],\"perms\":[\"system:dept:view\"],\"orderNum\":[\"4\"],\"icon\":[\"fa fa-outdent\"],\"visible\":[\"1\"]}','{\r\n  \"msg\" : \"æ“ä½œæˆåŠŸ\",\r\n  \"code\" : 0\r\n}',0,NULL,'2021-02-17 21:19:38'),(115,'èœå•ç®¡ç†',2,'com.equipment.web.controller.system.SysMenuController.editSave()','POST',1,'admin','ç ”å‘éƒ¨é—¨','/system/menu/edit','127.0.0.1','å†…ç½‘IP','{\"menuId\":[\"104\"],\"parentId\":[\"1\"],\"menuType\":[\"C\"],\"menuName\":[\"å²—ä½ç®¡ç†\"],\"url\":[\"/system/post\"],\"target\":[\"menuItem\"],\"perms\":[\"system:post:view\"],\"orderNum\":[\"5\"],\"icon\":[\"fa fa-address-card-o\"],\"visible\":[\"1\"]}','{\r\n  \"msg\" : \"æ“ä½œæˆåŠŸ\",\r\n  \"code\" : 0\r\n}',0,NULL,'2021-02-17 21:20:27'),(116,'ç”¨æˆ·ç®¡ç†',1,'com.equipment.web.controller.system.SysUserController.addSave()','POST',1,'admin','ç ”å‘éƒ¨é—¨','/system/user/add','127.0.0.1','å†…ç½‘IP','{\"deptId\":[\"\"],\"userName\":[\"stu\"],\"deptName\":[\"\"],\"phonenumber\":[\"\"],\"email\":[\"\"],\"loginName\":[\"stu\"],\"sex\":[\"0\"],\"role\":[\"2\"],\"remark\":[\"\"],\"status\":[\"0\"],\"roleIds\":[\"2\"],\"postIds\":[\"\"]}','{\r\n  \"msg\" : \"æ“ä½œæˆåŠŸ\",\r\n  \"code\" : 0\r\n}',0,NULL,'2021-02-21 15:45:44'),(117,'ä¸ªäººä¿¡æ¯',2,'com.equipment.web.controller.system.SysProfileController.update()','POST',1,'admin','ç ”å‘éƒ¨é—¨','/system/user/profile/update','127.0.0.1','å†…ç½‘IP','{\"id\":[\"\"],\"userName\":[\"è¶…çº§ç®¡ç†å‘˜\"],\"phonenumber\":[\"15888888888\"],\"email\":[\"466644431@qq.com\"],\"sex\":[\"1\"]}','{\r\n  \"msg\" : \"æ“ä½œæˆåŠŸ\",\r\n  \"code\" : 0\r\n}',0,NULL,'2021-02-21 22:52:10');

/*Table structure for table `sys_post` */

DROP TABLE IF EXISTS `sys_post`;

CREATE TABLE `sys_post` (
  `post_id` bigint(20) NOT NULL AUTO_INCREMENT COMMENT 'å²—ä½ID',
  `post_code` varchar(64) NOT NULL COMMENT 'å²—ä½ç¼–ç ',
  `post_name` varchar(50) NOT NULL COMMENT 'å²—ä½åç§°',
  `post_sort` int(4) NOT NULL COMMENT 'æ˜¾ç¤ºé¡ºåº',
  `status` char(1) NOT NULL COMMENT 'çŠ¶æ€ï¼ˆ0æ­£å¸¸ 1åœç”¨ï¼‰',
  `create_by` varchar(64) DEFAULT '' COMMENT 'åˆ›å»ºè€…',
  `create_time` datetime DEFAULT NULL COMMENT 'åˆ›å»ºæ—¶é—´',
  `update_by` varchar(64) DEFAULT '' COMMENT 'æ›´æ–°è€…',
  `update_time` datetime DEFAULT NULL COMMENT 'æ›´æ–°æ—¶é—´',
  `remark` varchar(500) DEFAULT NULL COMMENT 'å¤‡æ³¨',
  PRIMARY KEY (`post_id`)
) ENGINE=InnoDB AUTO_INCREMENT=5 DEFAULT CHARSET=utf8 COMMENT='å²—ä½ä¿¡æ¯è¡¨';

/*Data for the table `sys_post` */

insert  into `sys_post`(`post_id`,`post_code`,`post_name`,`post_sort`,`status`,`create_by`,`create_time`,`update_by`,`update_time`,`remark`) values (1,'ceo','è‘£äº‹é•¿',1,'0','admin','2021-01-05 02:39:32','',NULL,''),(2,'se','é¡¹ç›®ç»ç†',2,'0','admin','2021-01-05 02:39:32','',NULL,''),(3,'hr','äººåŠ›èµ„æº',3,'0','admin','2021-01-05 02:39:32','',NULL,''),(4,'user','æ™®é€šå‘˜å·¥',4,'0','admin','2021-01-05 02:39:32','',NULL,'');

/*Table structure for table `sys_role` */

DROP TABLE IF EXISTS `sys_role`;

CREATE TABLE `sys_role` (
  `role_id` bigint(20) NOT NULL AUTO_INCREMENT COMMENT 'è§’è‰²ID',
  `role_name` varchar(30) NOT NULL COMMENT 'è§’è‰²åç§°',
  `role_key` varchar(100) NOT NULL COMMENT 'è§’è‰²æƒé™å­—ç¬¦ä¸²',
  `role_sort` int(4) NOT NULL COMMENT 'æ˜¾ç¤ºé¡ºåº',
  `data_scope` char(1) DEFAULT '1' COMMENT 'æ•°æ®èŒƒå›´ï¼ˆ1ï¼šå…¨éƒ¨æ•°æ®æƒé™ 2ï¼šè‡ªå®šæ•°æ®æƒé™ 3ï¼šæœ¬éƒ¨é—¨æ•°æ®æƒé™ 4ï¼šæœ¬éƒ¨é—¨åŠä»¥ä¸‹æ•°æ®æƒé™ï¼‰',
  `status` char(1) NOT NULL COMMENT 'è§’è‰²çŠ¶æ€ï¼ˆ0æ­£å¸¸ 1åœç”¨ï¼‰',
  `del_flag` char(1) DEFAULT '0' COMMENT 'åˆ é™¤æ ‡å¿—ï¼ˆ0ä»£è¡¨å­˜åœ¨ 2ä»£è¡¨åˆ é™¤ï¼‰',
  `create_by` varchar(64) DEFAULT '' COMMENT 'åˆ›å»ºè€…',
  `create_time` datetime DEFAULT NULL COMMENT 'åˆ›å»ºæ—¶é—´',
  `update_by` varchar(64) DEFAULT '' COMMENT 'æ›´æ–°è€…',
  `update_time` datetime DEFAULT NULL COMMENT 'æ›´æ–°æ—¶é—´',
  `remark` varchar(500) DEFAULT NULL COMMENT 'å¤‡æ³¨',
  PRIMARY KEY (`role_id`)
) ENGINE=InnoDB AUTO_INCREMENT=100 DEFAULT CHARSET=utf8 COMMENT='è§’è‰²ä¿¡æ¯è¡¨';

/*Data for the table `sys_role` */

insert  into `sys_role`(`role_id`,`role_name`,`role_key`,`role_sort`,`data_scope`,`status`,`del_flag`,`create_by`,`create_time`,`update_by`,`update_time`,`remark`) values (1,'è¶…çº§ç®¡ç†å‘˜','admin',1,'1','0','0','admin','2021-01-05 02:39:33','',NULL,'è¶…çº§ç®¡ç†å‘˜'),(2,'æ™®é€šè§’è‰²','common',2,'2','0','0','admin','2021-01-05 02:39:33','',NULL,'æ™®é€šè§’è‰²');

/*Table structure for table `sys_role_dept` */

DROP TABLE IF EXISTS `sys_role_dept`;

CREATE TABLE `sys_role_dept` (
  `role_id` bigint(20) NOT NULL COMMENT 'è§’è‰²ID',
  `dept_id` bigint(20) NOT NULL COMMENT 'éƒ¨é—¨ID',
  PRIMARY KEY (`role_id`,`dept_id`)
) ENGINE=InnoDB DEFAULT CHARSET=utf8 COMMENT='è§’è‰²å’Œéƒ¨é—¨å…³è”è¡¨';

/*Data for the table `sys_role_dept` */

insert  into `sys_role_dept`(`role_id`,`dept_id`) values (2,100),(2,101),(2,105);

/*Table structure for table `sys_role_menu` */

DROP TABLE IF EXISTS `sys_role_menu`;

CREATE TABLE `sys_role_menu` (
  `role_id` bigint(20) NOT NULL COMMENT 'è§’è‰²ID',
  `menu_id` bigint(20) NOT NULL COMMENT 'èœå•ID',
  PRIMARY KEY (`role_id`,`menu_id`)
) ENGINE=InnoDB DEFAULT CHARSET=utf8 COMMENT='è§’è‰²å’Œèœå•å…³è”è¡¨';

/*Data for the table `sys_role_menu` */

insert  into `sys_role_menu`(`role_id`,`menu_id`) values (2,1),(2,2),(2,3),(2,4),(2,100),(2,101),(2,102),(2,103),(2,104),(2,105),(2,106),(2,107),(2,108),(2,109),(2,110),(2,111),(2,112),(2,113),(2,114),(2,115),(2,116),(2,500),(2,501),(2,1000),(2,1001),(2,1002),(2,1003),(2,1004),(2,1005),(2,1006),(2,1007),(2,1008),(2,1009),(2,1010),(2,1011),(2,1012),(2,1013),(2,1014),(2,1015),(2,1016),(2,1017),(2,1018),(2,1019),(2,1020),(2,1021),(2,1022),(2,1023),(2,1024),(2,1025),(2,1026),(2,1027),(2,1028),(2,1029),(2,1030),(2,1031),(2,1032),(2,1033),(2,1034),(2,1035),(2,1036),(2,1037),(2,1038),(2,1039),(2,1040),(2,1041),(2,1042),(2,1043),(2,1044),(2,1045),(2,1046),(2,1047),(2,1048),(2,1049),(2,1050),(2,1051),(2,1052),(2,1053),(2,1054),(2,1055),(2,1056),(2,1057),(2,1058),(2,1059),(2,1060),(2,1061);

/*Table structure for table `sys_user` */

DROP TABLE IF EXISTS `sys_user`;

CREATE TABLE `sys_user` (
  `user_id` bigint(20) NOT NULL AUTO_INCREMENT COMMENT 'ç”¨æˆ·ID',
  `dept_id` bigint(20) DEFAULT NULL COMMENT 'éƒ¨é—¨ID',
  `login_name` varchar(30) NOT NULL COMMENT 'ç™»å½•è´¦å·',
  `user_name` varchar(30) DEFAULT '' COMMENT 'ç”¨æˆ·æ˜µç§°',
  `user_type` varchar(2) DEFAULT '00' COMMENT 'ç”¨æˆ·ç±»å‹ï¼ˆ00ç³»ç»Ÿç”¨æˆ· 01æ³¨å†Œç”¨æˆ·ï¼‰',
  `email` varchar(50) DEFAULT '' COMMENT 'ç”¨æˆ·é‚®ç®±',
  `phonenumber` varchar(11) DEFAULT '' COMMENT 'æ‰‹æœºå·ç ',
  `sex` char(1) DEFAULT '0' COMMENT 'ç”¨æˆ·æ€§åˆ«ï¼ˆ0ç”· 1å¥³ 2æœªçŸ¥ï¼‰',
  `avatar` varchar(100) DEFAULT '' COMMENT 'å¤´åƒè·¯å¾„',
  `password` varchar(50) DEFAULT '' COMMENT 'å¯†ç ',
  `salt` varchar(20) DEFAULT '' COMMENT 'ç›åŠ å¯†',
  `status` char(1) DEFAULT '0' COMMENT 'å¸å·çŠ¶æ€ï¼ˆ0æ­£å¸¸ 1åœç”¨ï¼‰',
  `del_flag` char(1) DEFAULT '0' COMMENT 'åˆ é™¤æ ‡å¿—ï¼ˆ0ä»£è¡¨å­˜åœ¨ 2ä»£è¡¨åˆ é™¤ï¼‰',
  `login_ip` varchar(50) DEFAULT '' COMMENT 'æœ€åç™»å½•IP',
  `login_date` datetime DEFAULT NULL COMMENT 'æœ€åç™»å½•æ—¶é—´',
  `pwd_update_date` datetime DEFAULT NULL COMMENT 'å¯†ç æœ€åæ›´æ–°æ—¶é—´',
  `create_by` varchar(64) DEFAULT '' COMMENT 'åˆ›å»ºè€…',
  `create_time` datetime DEFAULT NULL COMMENT 'åˆ›å»ºæ—¶é—´',
  `update_by` varchar(64) DEFAULT '' COMMENT 'æ›´æ–°è€…',
  `update_time` datetime DEFAULT NULL COMMENT 'æ›´æ–°æ—¶é—´',
  `remark` varchar(500) DEFAULT NULL COMMENT 'å¤‡æ³¨',
  PRIMARY KEY (`user_id`)
) ENGINE=InnoDB AUTO_INCREMENT=101 DEFAULT CHARSET=utf8 COMMENT='ç”¨æˆ·ä¿¡æ¯è¡¨';

/*Data for the table `sys_user` */

insert  into `sys_user`(`user_id`,`dept_id`,`login_name`,`user_name`,`user_type`,`email`,`phonenumber`,`sex`,`avatar`,`password`,`salt`,`status`,`del_flag`,`login_ip`,`login_date`,`pwd_update_date`,`create_by`,`create_time`,`update_by`,`update_time`,`remark`) values (1,103,'admin','è¶…çº§ç®¡ç†å‘˜','00','466644431@qq.com','15888888888','1','','29c67a30398638269fe600f73a054934','111111','0','0','127.0.0.1','2021-02-22 00:32:58','2021-01-05 02:39:31','admin','2021-01-05 02:39:31','','2021-02-22 00:32:57','ç®¡ç†å‘˜'),(2,105,'ry','ç®¡ç†å‘˜','00','ry@qq.com','15666666666','1','','8e6d98b90472783cc73c17047ddccf36','222222','0','0','127.0.0.1','2021-02-17 23:47:39','2021-01-05 02:39:31','admin','2021-01-05 02:39:31','','2021-02-17 23:47:39','æµ‹è¯•å‘˜'),(100,NULL,'stu','stu','00','','','0','','778614f5f8ae7e0ce6d1a3d547220d3f','7ac4fa','0','0','127.0.0.1','2021-02-21 16:26:44',NULL,'admin','2021-02-21 15:45:44','','2021-02-21 16:26:43',NULL);

/*Table structure for table `sys_user_online` */

DROP TABLE IF EXISTS `sys_user_online`;

CREATE TABLE `sys_user_online` (
  `sessionId` varchar(50) NOT NULL DEFAULT '' COMMENT 'ç”¨æˆ·ä¼šè¯id',
  `login_name` varchar(50) DEFAULT '' COMMENT 'ç™»å½•è´¦å·',
  `dept_name` varchar(50) DEFAULT '' COMMENT 'éƒ¨é—¨åç§°',
  `ipaddr` varchar(50) DEFAULT '' COMMENT 'ç™»å½•IPåœ°å€',
  `login_location` varchar(255) DEFAULT '' COMMENT 'ç™»å½•åœ°ç‚¹',
  `browser` varchar(50) DEFAULT '' COMMENT 'æµè§ˆå™¨ç±»å‹',
  `os` varchar(50) DEFAULT '' COMMENT 'æ“ä½œç³»ç»Ÿ',
  `status` varchar(10) DEFAULT '' COMMENT 'åœ¨çº¿çŠ¶æ€on_lineåœ¨çº¿off_lineç¦»çº¿',
  `start_timestamp` datetime DEFAULT NULL COMMENT 'sessionåˆ›å»ºæ—¶é—´',
  `last_access_time` datetime DEFAULT NULL COMMENT 'sessionæœ€åè®¿é—®æ—¶é—´',
  `expire_time` int(5) DEFAULT '0' COMMENT 'è¶…æ—¶æ—¶é—´ï¼Œå•ä½ä¸ºåˆ†é’Ÿ',
  PRIMARY KEY (`sessionId`)
) ENGINE=InnoDB DEFAULT CHARSET=utf8 COMMENT='åœ¨çº¿ç”¨æˆ·è®°å½•';

/*Data for the table `sys_user_online` */

insert  into `sys_user_online`(`sessionId`,`login_name`,`dept_name`,`ipaddr`,`login_location`,`browser`,`os`,`status`,`start_timestamp`,`last_access_time`,`expire_time`) values ('9f2b5778-3c3d-4ca3-84c3-4d264a32e784','admin','ç ”å‘éƒ¨é—¨','127.0.0.1','å†…ç½‘IP','Chrome 8','Windows 10','on_line','2021-02-22 00:29:58','2021-02-22 00:32:58',1800000);

/*Table structure for table `sys_user_post` */

DROP TABLE IF EXISTS `sys_user_post`;

CREATE TABLE `sys_user_post` (
  `user_id` bigint(20) NOT NULL COMMENT 'ç”¨æˆ·ID',
  `post_id` bigint(20) NOT NULL COMMENT 'å²—ä½ID',
  PRIMARY KEY (`user_id`,`post_id`)
) ENGINE=InnoDB DEFAULT CHARSET=utf8 COMMENT='ç”¨æˆ·ä¸å²—ä½å…³è”è¡¨';

/*Data for the table `sys_user_post` */

insert  into `sys_user_post`(`user_id`,`post_id`) values (1,1),(2,2);

/*Table structure for table `sys_user_role` */

DROP TABLE IF EXISTS `sys_user_role`;

CREATE TABLE `sys_user_role` (
  `user_id` bigint(20) NOT NULL COMMENT 'ç”¨æˆ·ID',
  `role_id` bigint(20) NOT NULL COMMENT 'è§’è‰²ID',
  PRIMARY KEY (`user_id`,`role_id`)
) ENGINE=InnoDB DEFAULT CHARSET=utf8 COMMENT='ç”¨æˆ·å’Œè§’è‰²å…³è”è¡¨';

/*Data for the table `sys_user_role` */

insert  into `sys_user_role`(`user_id`,`role_id`) values (1,1),(2,2),(100,2);

/*!40101 SET SQL_MODE=@OLD_SQL_MODE */;
/*!40014 SET FOREIGN_KEY_CHECKS=@OLD_FOREIGN_KEY_CHECKS */;
/*!40014 SET UNIQUE_CHECKS=@OLD_UNIQUE_CHECKS */;
/*!40111 SET SQL_NOTES=@OLD_SQL_NOTES */;
